epoch,time_s,lr,gpu_peak_mem_gb,train_loss,train_loss_base,train_mse,train_mass,train_solid,train_tv,train_loss_plume_focus,train_loss_active_mae,train_active_fraction,train_high_fraction,val_loss,val_loss_base,val_mse,val_mass,val_solid,val_tv,val_loss_plume_focus,val_loss_active_mae,val_active_fraction,val_high_fraction,val_rmse,val_mae,val_r2,val_rel_err,val_plume_rmse,val_plume_mae,val_plume_r2,val_plume_rel_err,val_plume_voxel_fraction,val_acc,val_macro_f1,val_weighted_f1,selection_cases,selection_rmse,selection_mae,selection_plume_rmse,selection_plume_mae,selection_acc,selection_macro_f1,selection_weighted_f1,selection_metric,selection_score
1,316.32,3.000e-04,33.342,0.136029,0.023066,0.020226,0.025272,0.002649,0.00475,0.086669,0.17529,0.000677,0.000676,0.028978,0.012247,0.009942,0.020765,0.002087,0.001953,0.007162,0.063795,0.000538,0.000536,163167837618176.0,243082149888.0,-8.447201266864195e+19,4922925568.0,727027.9375,81223.8125,-0.013065,0.980792,0.000596,0.951154,0.170461,0.974433,16,42224.011,223.62,816058.9823,67833.0464,0.951025,0.166246,0.974496,selection_plume_rmse,816058.982346
2,273.24,2.999e-04,31.514,0.03,0.01087,0.008884,0.017703,0.002003,0.001511,0.00833,0.072007,0.000701,0.0007,0.022147,0.007589,0.006134,0.012862,0.001565,0.001256,0.005812,0.058307,0.000538,0.000536,17754.3438,69.6577,-0.000122,1.410716,727038.25,80939.9844,-0.013093,0.977364,0.000596,0.969622,0.17728,0.984061,16,3188.3471,26.8725,150694.0374,28469.0582,0.972691,0.170396,0.985815,selection_plume_rmse,150694.037407
3,263.98,2.998e-04,31.514,0.024261,0.008479,0.006964,0.013335,0.001691,0.001297,0.006454,0.062188,0.000686,0.000684,0.021193,0.008076,0.00663,0.012745,0.001579,0.001286,0.005104,0.053421,0.000538,0.000536,12183950.0,19522.166,-470997.935932,395.36499,727032.0,80884.2266,-0.013076,0.976691,0.000596,0.971308,0.176114,0.98492,16,2620.6536,29.8202,138395.0814,27486.1309,0.976599,0.16905,0.987797,selection_plume_rmse,138395.081406
4,268.43,2.997e-04,31.514,0.021824,0.007549,0.006233,0.011529,0.001514,0.001157,0.005686,0.057261,0.000682,0.00068,0.020445,0.006953,0.005667,0.011371,0.001385,0.001092,0.004878,0.057428,0.000538,0.000536,20492.9336,83.3189,-0.332453,1.687383,727031.6875,80981.4453,-0.013075,0.977865,0.000596,0.973,0.177645,0.985796,16,2454.3647,14.3933,134886.9092,25919.2344,0.977288,0.173759,0.988166,selection_plume_rmse,134886.909203
5,274.5,2.995e-04,31.514,0.020645,0.007453,0.006193,0.011044,0.00145,0.001104,0.005169,0.053483,0.000692,0.00069,0.017487,0.005269,0.004308,0.008291,0.001229,0.000951,0.00479,0.049517,0.000538,0.000536,17776.1758,70.789,-0.002583,1.433627,727023.5625,80383.2969,-0.013052,0.970642,0.000596,0.981992,0.181364,0.990401,16,11044.7998,18.0063,135555.9276,26565.0984,0.991399,0.175757,0.995281,selection_plume_rmse,135555.927605
6,267.98,2.993e-04,31.514,0.020655,0.007096,0.005891,0.010508,0.001437,0.001055,0.005386,0.054479,0.000692,0.00069,0.017404,0.00747,0.006229,0.010575,0.001732,0.001016,0.00352,0.042762,0.000538,0.000536,17798.4941,78.232,-0.005102,1.584363,727015.9375,80319.9844,-0.013031,0.969878,0.000596,0.974967,0.177198,0.98679,16,2469.4917,17.2827,134843.0758,26000.7749,0.982913,0.172561,0.991013,selection_plume_rmse,134843.075798
7,274.21,2.991e-04,31.514,0.018585,0.006491,0.005421,0.009251,0.001352,0.000985,0.004645,0.049662,0.000694,0.000692,0.018034,0.005104,0.004153,0.008228,0.00119,0.000912,0.004775,0.054367,0.000538,0.000536,17753.418,64.2574,-1.8e-05,1.301348,727009.0,80487.9141,-0.013012,0.971906,0.000596,0.981238,0.183346,0.990039,16,2446.6126,7.7372,134831.8835,26076.5981,0.987084,0.179866,0.993177,selection_plume_rmse,134831.883522
8,270.09,2.988e-04,31.514,0.01848,0.006389,0.005329,0.009166,0.001337,0.000972,0.004652,0.049595,0.000696,0.000695,0.015872,0.005413,0.004459,0.008206,0.001241,0.000898,0.003804,0.044368,0.000538,0.000536,269321.8125,468.1441,-229.137193,9.480904,727024.5625,80422.5312,-0.013055,0.971116,0.000596,0.981933,0.179799,0.990371,16,2468.3804,11.896,134816.6714,26003.5757,0.988014,0.174814,0.993618,selection_plume_rmse,134816.671425
9,280.49,2.985e-04,31.514,0.018729,0.006414,0.005362,0.009131,0.001295,0.000976,0.00465,0.051094,0.000697,0.000696,0.016742,0.004101,0.003332,0.006662,0.00094,0.000849,0.004928,0.051422,0.000538,0.000536,17756.666,64.2444,-0.000384,1.301084,727025.8125,80458.125,-0.013059,0.971546,0.000596,0.986256,0.186428,0.992587,16,2435.7677,7.5321,134824.6859,26062.1577,0.994432,0.179377,0.996839,selection_plume_rmse,134824.685905
10,268.68,2.982e-04,31.514,0.018238,0.006522,0.005474,0.009095,0.001295,0.00097,0.004554,0.04774,0.000693,0.000692,0.016313,0.005191,0.004283,0.007951,0.001039,0.0009,0.004015,0.047377,0.000538,0.000536,79336.8359,190.4738,-18.970706,3.857496,727029.375,80435.3828,-0.013069,0.971271,0.000596,0.982819,0.179926,0.990822,16,2465.567,11.6232,134768.9721,25975.8015,0.99309,0.175938,0.996114,selection_plume_rmse,134768.972134
11,275.68,2.978e-04,31.514,0.017521,0.005981,0.00502,0.008305,0.001211,0.000926,0.00432,0.048134,0.000688,0.000686,0.016515,0.004214,0.003466,0.006401,0.001008,0.000773,0.004478,0.052153,0.000538,0.000536,17753.5332,62.8975,-3.1e-05,1.273808,727025.5625,80596.1328,-0.013058,0.973212,0.000596,0.985515,0.186862,0.992211,16,2442.8428,7.8397,134739.7411,25960.0755,0.994006,0.181115,0.996615,selection_plume_rmse,134739.741142
12,270.29,2.974e-04,31.514,0.016823,0.005693,0.004781,0.007846,0.001176,0.000906,0.004173,0.046378,0.000682,0.00068,0.014404,0.005602,0.00471,0.007686,0.001149,0.000859,0.00302,0.03855,0.000538,0.000536,17757.0586,77.9463,-0.000428,1.578576,727012.5,80021.1953,-0.013022,0.96627,0.000596,0.982983,0.180248,0.990901,16,2466.4287,13.7244,134712.6157,25778.8035,0.991578,0.183348,0.995404,selection_plume_rmse,134712.615692
13,271.54,2.969e-04,31.514,0.016698,0.005827,0.004905,0.007952,0.00118,0.000907,0.004087,0.045224,0.000694,0.000693,0.014274,0.00453,0.003751,0.006699,0.001001,0.000836,0.003489,0.041706,0.000538,0.000536,17767.5957,69.2894,-0.001616,1.403256,727016.1875,80205.0469,-0.013032,0.96849,0.000596,0.9853,0.183854,0.992089,16,2452.1625,12.4886,134754.9603,25920.4511,0.990367,0.179458,0.994762,selection_plume_rmse,134754.960266
14,267.95,2.964e-04,31.514,0.016664,0.005543,0.004666,0.007555,0.001128,0.000869,0.004162,0.046397,0.000683,0.000682,0.018427,0.006206,0.005299,0.007821,0.001164,0.000906,0.003936,0.055228,0.000538,0.000536,18080.0879,108.7236,-0.037158,2.201883,726992.375,82160.4609,-0.012966,0.992102,0.000596,0.983575,0.179622,0.991201,16,2782.1363,31.1324,136441.1534,27605.4407,0.991049,0.182114,0.995139,selection_plume_rmse,136441.153358
15,268.06,2.959e-04,31.514,0.016525,0.005497,0.004643,0.007317,0.001134,0.000848,0.004094,0.046227,0.000692,0.00069,0.014784,0.005021,0.004194,0.007222,0.000974,0.000787,0.003203,0.043729,0.000538,0.000536,17754.8711,70.1235,-0.000181,1.420148,727020.6875,80458.2578,-0.013044,0.971547,0.000596,0.983557,0.180531,0.991193,16,2441.5695,10.2579,134749.7223,25883.9067,0.989471,0.176339,0.99435,selection_plume_rmse,134749.72226
16,272.13,2.953e-04,31.514,0.016442,0.005657,0.004777,0.007593,0.001114,0.000862,0.003946,0.045593,0.000691,0.000689,0.016542,0.004689,0.003925,0.006714,0.00085,0.00083,0.004292,0.050406,0.000538,0.000536,23361.1855,109.6199,-0.731544,2.220035,726984.0625,80771.4766,-0.012942,0.97533,0.000596,0.985822,0.18195,0.992353,16,2563.9009,15.6112,134874.0299,26038.2973,0.990774,0.182807,0.994985,selection_plume_rmse,134874.029877
17,271.75,2.947e-04,31.514,0.016373,0.005481,0.004633,0.007296,0.001097,0.000849,0.004116,0.045174,0.000689,0.000687,0.014368,0.004878,0.004113,0.006595,0.00098,0.000795,0.003387,0.040682,0.000538,0.000536,20494.582,88.6119,-0.332668,1.794578,727022.1875,80245.1641,-0.013049,0.968974,0.000596,0.984745,0.182763,0.991801,16,2538.3188,26.7801,136380.8415,28590.3459,0.989442,0.183309,0.994274,selection_plume_rmse,136380.841492
18,277.77,2.941e-04,31.514,0.016474,0.005669,0.004793,0.007591,0.001084,0.000862,0.004036,0.045124,0.000689,0.000687,0.01468,0.004136,0.003493,0.00547,0.000886,0.00071,0.004017,0.043515,0.000538,0.000536,17754.4961,68.3888,-0.000139,1.385018,727021.5,80182.2031,-0.013047,0.968214,0.000596,0.987762,0.187381,0.993348,16,2465.1454,13.1815,134635.3392,25639.0593,0.991993,0.187713,0.995603,selection_plume_rmse,134635.339172
19,269.4,2.934e-04,31.514,0.015819,0.005321,0.004507,0.007012,0.00104,0.000823,0.003899,0.043994,0.000683,0.000681,0.013853,0.004264,0.003577,0.0058,0.001,0.000728,0.003232,0.042378,0.000538,0.000536,17753.8945,66.182,-7.1e-05,1.340326,727018.0625,80245.3594,-0.013037,0.968977,0.000596,0.986475,0.184991,0.992695,16,2441.6656,9.1055,134642.4308,25713.8031,0.991975,0.182503,0.995604,selection_plume_rmse,134642.430794
20,272.57,2.927e-04,31.514,0.014812,0.005002,0.004236,0.006573,0.00101,0.000788,0.00356,0.041668,0.000687,0.000686,0.013481,0.004735,0.004039,0.00597,0.000915,0.000733,0.002912,0.038895,0.000538,0.000536,17754.7715,74.9462,-0.00017,1.517819,726990.125,80125.7656,-0.012959,0.967533,0.000596,0.986056,0.183456,0.992469,16,2526.1348,17.3838,134669.3335,25800.6512,0.989984,0.182233,0.994572,selection_plume_rmse,134669.333511
21,287.51,2.919e-04,31.514,0.015524,0.00505,0.004295,0.006434,0.001043,0.000781,0.003776,0.044649,0.000696,0.000694,0.013032,0.004597,0.003912,0.00585,0.000918,0.000733,0.002732,0.038022,0.000538,0.000536,17754.3145,72.2996,-0.000119,1.46422,727001.125,80039.3984,-0.01299,0.96649,0.000596,0.986703,0.183729,0.9928,16,2495.6748,11.2502,134647.3613,25663.6935,0.992072,0.190109,0.995659,selection_plume_rmse,134647.361298
22,269.17,2.912e-04,31.514,0.014907,0.005002,0.004251,0.006457,0.000979,0.000785,0.00366,0.041636,0.000686,0.000684,0.014529,0.005916,0.005041,0.007641,0.001021,0.000881,0.003014,0.037327,0.000538,0.000536,17791.4844,90.0675,-0.004311,1.824056,726985.0,79970.5312,-0.012945,0.965658,0.000596,0.982395,0.179151,0.990596,16,2526.0507,27.1242,134725.9932,25856.6415,0.986898,0.179616,0.992974,selection_plume_rmse,134725.993156
23,284.53,2.903e-04,31.514,0.015444,0.005285,0.004497,0.006787,0.001013,0.000807,0.003767,0.042611,0.000693,0.000692,0.013529,0.004647,0.003905,0.006469,0.000872,0.0008,0.003014,0.03912,0.000538,0.000536,17755.1738,72.1826,-0.000215,1.46185,727008.9375,79942.8906,-0.013012,0.965324,0.000596,0.984984,0.183154,0.991926,16,2459.5395,11.0281,134836.536,26074.3368,0.992384,0.174369,0.995789,selection_plume_rmse,134836.535957
24,269.45,2.895e-04,31.514,0.014973,0.005128,0.004368,0.006538,0.000978,0.000776,0.003587,0.041718,0.000689,0.000687,0.012897,0.004472,0.00381,0.005616,0.000929,0.000712,0.002796,0.037528,0.000538,0.000536,17754.8184,73.4958,-0.000175,1.488445,727005.5,80111.7578,-0.013002,0.967363,0.000596,0.986727,0.184806,0.992818,16,2466.5264,15.0468,134692.9424,25746.6854,0.990155,0.183507,0.994656,selection_plume_rmse,134692.942421
25,282.06,2.886e-04,31.514,0.0145,0.004768,0.004064,0.006011,0.000951,0.000741,0.003477,0.041703,0.000693,0.000691,0.012858,0.003649,0.003056,0.005074,0.000781,0.000683,0.003073,0.040911,0.000538,0.000536,17753.7891,66.5151,-5.9e-05,1.347072,727005.8125,79981.9219,-0.013003,0.965796,0.000596,0.988408,0.187383,0.993678,16,2442.5742,8.5466,134654.1542,25789.2131,0.993198,0.185793,0.99625,selection_plume_rmse,134654.154167
26,266.5,2.877e-04,31.514,0.01444,0.004746,0.004048,0.005977,0.000928,0.000738,0.003486,0.041394,0.000693,0.000692,0.012886,0.004495,0.003825,0.005787,0.000841,0.000712,0.002824,0.037116,0.000538,0.000536,17756.1816,78.3709,-0.000329,1.587175,727014.875,79897.7656,-0.013028,0.964779,0.000596,0.986611,0.183396,0.992753,16,2450.6779,12.7831,134618.9252,25682.6989,0.990167,0.179795,0.994689,selection_plume_rmse,134618.925175
27,266.13,2.868e-04,31.514,0.015145,0.005084,0.00433,0.006494,0.000972,0.000782,0.003639,0.042812,0.000691,0.000689,0.014449,0.004083,0.003443,0.005471,0.000857,0.000696,0.003477,0.04593,0.000538,0.000536,17753.9648,66.4238,-7.9e-05,1.345222,727024.9375,80459.6875,-0.013056,0.971565,0.000596,0.986168,0.186257,0.992544,16,2440.1098,9.247,134595.7864,25665.0908,0.991604,0.185027,0.99543,selection_plume_rmse,134595.786419
28,277.91,2.858e-04,31.514,0.014932,0.004931,0.004201,0.006295,0.000927,0.000758,0.003571,0.042867,0.000686,0.000684,0.013342,0.005042,0.004294,0.006575,0.000838,0.000737,0.002753,0.036975,0.000538,0.000536,17756.4512,84.0059,-0.000359,1.701297,727007.5625,80083.7422,-0.013008,0.967025,0.000596,0.984734,0.181142,0.991789,16,2500.0451,25.7066,134684.8722,25719.9411,0.98798,0.181119,0.993535,selection_plume_rmse,134684.872177
29,277.28,2.848e-04,31.514,0.014211,0.004636,0.003951,0.005872,0.000906,0.000731,0.003433,0.040944,0.000681,0.00068,0.012862,0.005046,0.004338,0.006068,0.000939,0.000762,0.002526,0.035265,0.000538,0.000536,17755.9746,79.6356,-0.000306,1.612789,726998.0625,79996.3594,-0.012981,0.96597,0.000596,0.98539,0.182991,0.992126,16,2482.2011,18.596,134613.5987,25680.9169,0.989468,0.184915,0.994289,selection_plume_rmse,134613.598679
30,268.95,2.837e-04,31.514,0.014221,0.004623,0.003945,0.005772,0.000931,0.000724,0.003392,0.041371,0.00069,0.000688,0.012301,0.004359,0.00373,0.005376,0.000852,0.000652,0.002586,0.035707,0.000538,0.000536,17754.5469,71.6739,-0.000145,1.451547,727015.75,79924.9453,-0.013031,0.965108,0.000596,0.987225,0.185333,0.993066,16,2446.8312,11.5998,134569.3792,25461.838,0.990192,0.187108,0.994687,selection_plume_rmse,134569.379204
31,264.96,2.826e-04,31.514,0.014045,0.004522,0.003863,0.005617,0.000906,0.000711,0.003406,0.040778,0.000691,0.000689,0.013676,0.003383,0.00284,0.00462,0.00075,0.000611,0.00327,0.046816,0.000538,0.000536,17753.3027,61.3737,-5e-06,1.242946,727023.1875,80577.0,-0.013051,0.972981,0.000596,0.988647,0.189816,0.993808,16,2427.3792,8.1227,134594.1735,25654.4707,0.991499,0.184357,0.995371,selection_plume_rmse,134594.17345
32,283.32,2.815e-04,31.514,0.014775,0.004793,0.004084,0.006099,0.000916,0.000745,0.003585,0.042647,0.000684,0.000682,0.013885,0.00576,0.004931,0.007213,0.001001,0.000789,0.002801,0.035495,0.000538,0.000536,17756.2617,81.6964,-0.000338,1.654524,727011.6875,79958.0,-0.013019,0.965507,0.000596,0.982851,0.179722,0.990828,16,2511.8602,30.0205,135089.245,26341.9179,0.985025,0.178883,0.992012,selection_plume_rmse,135089.244972
33,277.19,2.804e-04,31.514,0.014248,0.004619,0.003936,0.005861,0.000887,0.000733,0.003391,0.041588,0.000694,0.000692,0.01223,0.003313,0.002778,0.004567,0.000712,0.000632,0.003017,0.039336,0.000538,0.000536,17753.7598,64.4628,-5.6e-05,1.305508,727014.75,79942.9453,-0.013028,0.965325,0.000596,0.989377,0.189215,0.994169,16,2436.838,7.9568,134719.2336,25815.1461,0.993546,0.18676,0.99644,selection_plume_rmse,134719.233559
34,277.59,2.792e-04,31.514,0.014021,0.004437,0.00379,0.005511,0.000887,0.000713,0.003376,0.041392,0.000687,0.000686,0.01271,0.003392,0.002855,0.004575,0.000729,0.000612,0.002933,0.042569,0.000538,0.000536,17753.2969,61.8097,-4e-06,1.251778,727017.625,80330.1094,-0.013036,0.97,0.000596,0.988748,0.189701,0.993857,16,2424.5577,5.9433,134675.6015,25894.6355,0.99452,0.184321,0.99693,selection_plume_rmse,134675.601517
35,272.57,2.780e-04,31.514,0.013479,0.004281,0.003656,0.005306,0.000871,0.000695,0.003239,0.039728,0.000684,0.000682,0.011632,0.003974,0.003381,0.005106,0.000757,0.000668,0.002424,0.034893,0.000538,0.000536,17755.1289,72.1457,-0.000211,1.461103,727011.125,79872.9844,-0.013018,0.96448,0.000596,0.987884,0.186991,0.993406,16,2453.8245,12.4339,134848.0384,25724.2244,0.99061,0.184609,0.994912,selection_plume_rmse,134848.038406
36,275.02,2.767e-04,31.514,0.014218,0.004474,0.003827,0.005493,0.000905,0.000701,0.003499,0.04163,0.000688,0.000686,0.012329,0.00393,0.003365,0.004788,0.000798,0.000642,0.002752,0.037642,0.000538,0.000536,17754.7969,69.7522,-0.000173,1.41263,727011.3125,80138.1484,-0.013018,0.967682,0.000596,0.988189,0.186645,0.993569,16,2444.6661,7.8238,134856.0414,25770.5171,0.994051,0.199324,0.996684,selection_plume_rmse,134856.041382
37,276.0,2.755e-04,31.514,0.013578,0.004233,0.003622,0.005174,0.000867,0.000686,0.003282,0.040425,0.000703,0.000701,0.013178,0.00455,0.003852,0.006079,0.00082,0.00073,0.002807,0.03881,0.000538,0.000536,17754.0645,70.2079,-9.1e-05,1.421859,727015.125,80135.1953,-0.013029,0.967646,0.000596,0.985048,0.18315,0.991954,16,2458.3675,18.8019,134609.5807,25561.4199,0.987355,0.178871,0.993228,selection_plume_rmse,134609.58065
38,276.77,2.741e-04,31.514,0.013591,0.004381,0.003744,0.005427,0.000877,0.0007,0.003242,0.039784,0.000699,0.000698,0.012599,0.003485,0.002943,0.004639,0.00072,0.000609,0.002961,0.041024,0.000538,0.000536,17753.8574,65.047,-6.7e-05,1.31734,727019.6875,80067.5547,-0.013042,0.96683,0.000596,0.988606,0.187365,0.993785,16,2428.3495,6.3337,134683.4266,25898.0626,0.99436,0.182695,0.996841,selection_plume_rmse,134683.426613
39,285.51,2.728e-04,31.514,0.013704,0.004254,0.003636,0.005236,0.000868,0.000696,0.003292,0.04105,0.000694,0.000692,0.012957,0.004702,0.003982,0.006302,0.000823,0.00074,0.002717,0.03692,0.000538,0.000536,17754.0664,71.6896,-9.1e-05,1.451865,727005.5,80027.3359,-0.013002,0.966344,0.000596,0.984862,0.182612,0.991866,16,2458.8804,16.1164,134438.5467,25347.9005,0.990053,0.184624,0.994579,selection_plume_rmse,134438.546745
40,266.95,2.714e-04,31.514,0.012718,0.003907,0.003349,0.004681,0.000834,0.000646,0.003032,0.038532,0.000698,0.000696,0.011266,0.003165,0.002702,0.003834,0.000737,0.000541,0.002428,0.037821,0.000538,0.000536,17754.3203,65.8116,-0.000119,1.332823,727013.0,79969.1875,-0.013023,0.965642,0.000596,0.991304,0.193156,0.995152,16,2456.3122,10.8024,134629.5023,25656.3636,0.99358,0.191186,0.99641,selection_plume_rmse,134629.50235
41,282.22,2.701e-04,31.514,0.013261,0.00413,0.003538,0.00497,0.000887,0.000662,0.003192,0.03959,0.000699,0.000698,0.011183,0.003244,0.002792,0.003714,0.000753,0.000553,0.002315,0.037494,0.000538,0.000536,17754.5645,66.8744,-0.000147,1.354347,727002.3125,80001.2109,-0.012993,0.966028,0.000596,0.990951,0.194049,0.994977,16,2439.368,6.8284,134688.5275,25720.4131,0.996551,0.204255,0.997965,selection_plume_rmse,134688.527489
42,268.48,2.686e-04,31.514,0.012432,0.003705,0.003179,0.00437,0.000829,0.000616,0.002917,0.038736,0.000687,0.000685,0.011319,0.002419,0.002047,0.00304,0.000639,0.000472,0.00264,0.041729,0.000538,0.000536,17752.9844,57.6953,3.1e-05,1.168452,727008.875,80252.9844,-0.013012,0.969069,0.000596,0.992885,0.204673,0.995977,16,2428.4011,6.3556,134543.1252,25572.6496,0.996142,0.205276,0.997758,selection_plume_rmse,134543.125206
43,273.98,2.672e-04,31.514,0.012446,0.00372,0.003188,0.004416,0.000838,0.000605,0.002955,0.038478,0.000698,0.000696,0.011385,0.003707,0.003175,0.004467,0.000783,0.000612,0.0024,0.035195,0.000538,0.000536,17753.8438,67.1961,-6.6e-05,1.360863,726999.9375,79858.9844,-0.012987,0.964311,0.000596,0.989204,0.189376,0.994078,16,2448.057,11.0448,134469.4443,25289.6225,0.992676,0.193045,0.99593,selection_plume_rmse,134469.444267
44,273.89,2.657e-04,31.514,0.012778,0.003956,0.003391,0.004741,0.000848,0.000647,0.003024,0.038653,0.000697,0.000695,0.010238,0.00245,0.002098,0.002777,0.000692,0.000449,0.00231,0.036524,0.000538,0.000536,17753.334,59.3303,-8e-06,1.201564,727006.0,79762.7188,-0.013003,0.963149,0.000596,0.993586,0.206662,0.99633,16,2427.1443,6.1677,134422.6235,25325.7491,0.996692,0.216926,0.998029,selection_plume_rmse,134422.623547
45,275.51,2.642e-04,31.514,0.011362,0.003184,0.002739,0.003614,0.000774,0.000536,0.002626,0.037016,0.00068,0.000679,0.010086,0.002809,0.002394,0.003418,0.000682,0.00051,0.002109,0.03445,0.000538,0.000536,17753.5742,62.7887,-3.5e-05,1.271604,727002.5,79775.5391,-0.012994,0.963303,0.000596,0.992091,0.198341,0.995556,16,2439.7059,8.0351,134501.6521,25430.8302,0.995928,0.208498,0.997626,selection_plume_rmse,134501.652084
46,275.33,2.626e-04,31.514,0.012665,0.003833,0.003279,0.004661,0.000812,0.000631,0.003001,0.038871,0.000685,0.000684,0.012328,0.004092,0.003481,0.005267,0.000779,0.000683,0.002707,0.036859,0.000538,0.000536,17754.1289,70.5835,-9.8e-05,1.429466,726999.625,79878.6016,-0.012986,0.964548,0.000596,0.987676,0.185379,0.993293,16,2449.2648,13.2165,134564.5113,25604.3859,0.992229,0.187102,0.995688,selection_plume_rmse,134564.511261
47,269.3,2.611e-04,31.514,0.012142,0.00357,0.00307,0.004129,0.000816,0.000576,0.002834,0.038254,0.000693,0.000692,0.010583,0.003335,0.002863,0.003969,0.000692,0.000554,0.002127,0.034137,0.000538,0.000536,17754.3027,68.9832,-0.000117,1.397056,726987.5625,79713.0547,-0.012952,0.962549,0.000596,0.990745,0.190815,0.994867,16,2439.308,8.1612,134556.8227,25527.2901,0.995247,0.200481,0.997285,selection_plume_rmse,134556.822727
48,274.38,2.595e-04,31.514,0.012575,0.003612,0.003101,0.004245,0.0008,0.000582,0.003138,0.038829,0.000688,0.000686,0.011131,0.003473,0.002983,0.004132,0.000712,0.000586,0.002279,0.035856,0.000538,0.000536,17755.3477,70.3486,-0.000235,1.424708,726990.9375,79966.1016,-0.012961,0.965605,0.000596,0.990201,0.189765,0.994588,16,2454.6144,9.0702,134638.451,25519.0419,0.995316,0.20508,0.997305,selection_plume_rmse,134638.45105
49,266.59,2.579e-04,31.514,0.011495,0.00326,0.00281,0.003682,0.00077,0.000538,0.002636,0.037323,0.000697,0.000696,0.009926,0.002743,0.002365,0.003042,0.000689,0.000478,0.002059,0.034164,0.000538,0.000536,17753.8301,62.6454,-6.4e-05,1.268701,726996.8125,79741.3438,-0.012978,0.962891,0.000596,0.99286,0.199762,0.995959,16,2432.9651,7.1459,134436.0782,25334.3017,0.995502,0.209442,0.997407,selection_plume_rmse,134436.078167
50,270.88,2.562e-04,31.514,0.012632,0.003915,0.003367,0.00459,0.000829,0.000629,0.003013,0.038026,0.00069,0.000688,0.010427,0.002803,0.00239,0.003426,0.000654,0.000508,0.00224,0.035893,0.000538,0.000536,17753.207,61.3718,6e-06,1.242909,726995.4375,79793.3438,-0.012974,0.963518,0.000596,0.991736,0.198114,0.995381,16,2433.0602,8.247,134438.4398,25366.2681,0.994805,0.198742,0.997029,selection_plume_rmse,134438.439754
51,276.68,2.545e-04,31.514,0.011441,0.00332,0.002863,0.003755,0.000761,0.000536,0.002607,0.036761,0.000686,0.000684,0.010358,0.003006,0.002585,0.003491,0.000676,0.000502,0.002146,0.034704,0.000538,0.000536,17754.7305,67.8161,-0.000166,1.373418,727001.375,79924.4609,-0.012991,0.965102,0.000596,0.991931,0.196997,0.995472,16,2444.1001,9.9973,134538.2769,25505.7982,0.994677,0.194836,0.996971,selection_plume_rmse,134538.276939
52,280.4,2.528e-04,31.514,0.011826,0.003351,0.002884,0.003865,0.000753,0.000548,0.002745,0.038205,0.000685,0.000683,0.011428,0.00212,0.001807,0.002513,0.000576,0.00038,0.002724,0.043896,0.000538,0.000536,17752.627,56.5422,7.2e-05,1.145098,727002.0,80290.5,-0.012992,0.969522,0.000596,0.994038,0.209551,0.996567,16,2421.9525,5.9987,134533.6803,25479.6827,0.9961,0.207171,0.997714,selection_plume_rmse,134533.680294
53,270.69,2.511e-04,31.514,0.010935,0.003063,0.002645,0.003379,0.000745,0.000496,0.002481,0.035941,0.000692,0.000691,0.009809,0.002487,0.002156,0.002621,0.000649,0.000404,0.002065,0.035042,0.000538,0.000536,17753.998,63.708,-8.3e-05,1.290222,726986.375,79749.6797,-0.012949,0.962991,0.000596,0.993921,0.204915,0.996498,16,2428.8052,5.7875,134453.1502,25429.8968,0.997716,0.224548,0.998564,selection_plume_rmse,134453.150249
54,272.05,2.494e-04,31.514,0.011112,0.003098,0.002676,0.003429,0.000748,0.0005,0.002542,0.036478,0.000687,0.000686,0.009692,0.002307,0.001983,0.002591,0.000604,0.000398,0.00209,0.035303,0.000538,0.000536,17753.7168,62.0745,-5.1e-05,1.257139,726991.25,79892.0469,-0.012962,0.96471,0.000596,0.994187,0.209913,0.996636,16,2428.2778,6.4499,134482.2927,25361.6693,0.996691,0.212945,0.998016,selection_plume_rmse,134482.29274
55,267.1,2.476e-04,31.514,0.011409,0.003238,0.002797,0.003591,0.000762,0.000514,0.002605,0.037107,0.000693,0.000691,0.010291,0.003326,0.002851,0.003997,0.000692,0.000543,0.002044,0.03281,0.000538,0.000536,17754.3789,68.2959,-0.000126,1.383135,726998.0625,79673.4688,-0.012981,0.962071,0.000596,0.990605,0.192323,0.994788,16,2444.1129,10.2699,134456.7508,25347.3903,0.993753,0.195668,0.996478,selection_plume_rmse,134456.750755
56,277.6,2.458e-04,31.514,0.011391,0.003341,0.002879,0.003814,0.000756,0.000543,0.002587,0.036415,0.00069,0.000688,0.00983,0.002461,0.00212,0.002725,0.00064,0.000433,0.00218,0.034592,0.000538,0.000536,17754.3047,62.3241,-0.000118,1.262194,727001.5625,79695.6328,-0.012991,0.962339,0.000596,0.993658,0.20242,0.996367,16,2431.246,6.0433,134501.0153,25413.0443,0.997676,0.222119,0.998535,selection_plume_rmse,134501.015297
57,264.49,2.440e-04,31.514,0.010631,0.003011,0.002606,0.00327,0.000735,0.000482,0.0024,0.034797,0.000699,0.000697,0.00987,0.002677,0.0023,0.003086,0.000638,0.000466,0.002062,0.0342,0.000538,0.000536,17754.1895,62.6799,-0.000105,1.2694,727010.125,79870.3828,-0.013015,0.964449,0.000596,0.992711,0.20202,0.995875,16,2425.4942,6.1769,134439.3115,25273.2181,0.997098,0.218685,0.998232,selection_plume_rmse,134439.311455
58,266.65,2.421e-04,31.514,0.010614,0.002899,0.002503,0.003205,0.000707,0.000476,0.002347,0.035783,0.000682,0.000681,0.009796,0.002256,0.001931,0.002618,0.000592,0.000404,0.002146,0.035962,0.000538,0.000536,17753.459,58.9245,-2.2e-05,1.193346,727007.625,79852.3672,-0.013008,0.964231,0.000596,0.993983,0.208376,0.996538,16,2421.7594,5.2878,134535.0774,25520.3285,0.997394,0.218858,0.998403,selection_plume_rmse,134535.077423
59,271.38,2.403e-04,31.514,0.010446,0.002879,0.002495,0.003069,0.000718,0.000465,0.002335,0.034886,0.000693,0.000691,0.009573,0.002304,0.001972,0.002675,0.000611,0.000413,0.002015,0.035021,0.000538,0.000536,17753.7871,60.907,-5.9e-05,1.233495,727007.375,79854.9141,-0.013007,0.964262,0.000596,0.994079,0.20261,0.996584,16,2428.81,6.4163,134458.5976,25288.481,0.997081,0.219247,0.998218,selection_plume_rmse,134458.597614
60,269.25,2.384e-04,31.514,0.010593,0.002877,0.002486,0.003158,0.000711,0.000476,0.002417,0.035324,0.000695,0.000694,0.012872,0.00383,0.003256,0.004872,0.000803,0.000663,0.002634,0.042721,0.000538,0.000536,17755.5781,70.0927,-0.000261,1.419524,726995.6875,79938.0156,-0.012975,0.965265,0.000596,0.98888,0.18564,0.993908,16,2478.3535,19.8934,134501.0425,25248.4123,0.989179,0.1816,0.994123,selection_plume_rmse,134501.042549
61,278.35,2.365e-04,31.514,0.011188,0.003258,0.00281,0.00366,0.000764,0.000524,0.002531,0.035997,0.000683,0.000681,0.009877,0.002538,0.002167,0.003069,0.0006,0.000432,0.002043,0.035311,0.000538,0.000536,17753.4551,60.451,-2.2e-05,1.224261,727007.75,79891.4453,-0.013008,0.964703,0.000596,0.992926,0.202613,0.995983,16,2427.672,6.5911,134446.312,25354.0336,0.99608,0.207218,0.997692,selection_plume_rmse,134446.312004
62,262.92,2.345e-04,31.514,0.010663,0.002921,0.002527,0.003182,0.000715,0.000467,0.002378,0.035761,0.000681,0.00068,0.009663,0.002411,0.002086,0.002596,0.000614,0.000393,0.002019,0.034889,0.000538,0.000536,17754.2969,64.1438,-0.000117,1.299047,726998.5625,79802.6797,-0.012983,0.963631,0.000596,0.994193,0.205838,0.996633,16,2437.1697,8.1456,134436.0503,25293.9381,0.997013,0.212097,0.998151,selection_plume_rmse,134436.050255
63,268.49,2.326e-04,31.514,0.010407,0.002862,0.002479,0.003075,0.000709,0.000464,0.002333,0.034742,0.000693,0.000691,0.009802,0.002554,0.002207,0.002798,0.000625,0.000409,0.002008,0.034934,0.000538,0.000536,17753.2793,60.7383,-2e-06,1.230078,726996.125,79806.3984,-0.012976,0.963676,0.000596,0.993358,0.199012,0.996209,16,2428.6134,7.4719,134324.7428,25098.3522,0.995935,0.206113,0.997603,selection_plume_rmse,134324.742809
64,272.28,2.306e-04,31.514,0.010456,0.00286,0.002478,0.003069,0.000703,0.000458,0.002345,0.035007,0.000688,0.000686,0.009256,0.002424,0.002106,0.002521,0.000619,0.0004,0.001875,0.033044,0.000538,0.000536,17753.9551,62.8454,-7.8e-05,1.272753,726991.375,79773.7891,-0.012963,0.963282,0.000596,0.994106,0.206072,0.99659,16,2433.8871,6.6011,134441.2897,25340.8645,0.997294,0.219115,0.998331,selection_plume_rmse,134441.289707
65,289.6,2.286e-04,31.514,0.010518,0.002882,0.002492,0.003163,0.000696,0.000473,0.002366,0.035126,0.000685,0.000683,0.009387,0.002231,0.001926,0.002433,0.00058,0.000383,0.001983,0.034489,0.000538,0.000536,17753.3691,60.1574,-1.2e-05,1.218314,726996.9375,79830.0781,-0.012978,0.963962,0.000596,0.994309,0.208202,0.996698,16,2427.6809,6.14,134508.217,25417.3951,0.997197,0.21463,0.998288,selection_plume_rmse,134508.216953
66,276.04,2.266e-04,31.514,0.009884,0.00269,0.002326,0.002919,0.000677,0.000445,0.002144,0.033669,0.000676,0.000674,0.01036,0.001993,0.001709,0.002197,0.0006,0.000386,0.002676,0.037943,0.000538,0.000536,17753.1172,56.5761,1.6e-05,1.145786,727012.75,79961.2188,-0.013022,0.965546,0.000596,0.994717,0.213403,0.996922,16,2424.0518,5.641,134442.5219,25345.1593,0.997694,0.227749,0.998545,selection_plume_rmse,134442.52195
67,267.18,2.246e-04,31.514,0.010308,0.002777,0.002408,0.002964,0.000685,0.000447,0.002259,0.035144,0.000689,0.000688,0.009811,0.002487,0.002147,0.002701,0.000648,0.000451,0.002085,0.034928,0.000538,0.000536,17753.4902,59.8302,-2.6e-05,1.211688,727001.75,79882.4453,-0.012992,0.964594,0.000596,0.993395,0.206597,0.996232,16,2430.0785,6.5669,134406.5294,25319.6568,0.997022,0.216292,0.99819,selection_plume_rmse,134406.529404
68,265.85,2.225e-04,31.514,0.010661,0.002964,0.002558,0.003319,0.000692,0.000487,0.00239,0.035383,0.000684,0.000683,0.009921,0.002601,0.002219,0.003129,0.000643,0.000479,0.002037,0.03522,0.000538,0.000536,17753.293,60.9692,-4e-06,1.234756,726996.625,79892.1328,-0.012977,0.964711,0.000596,0.993005,0.200519,0.996024,16,2454.9036,12.6048,134564.8004,25441.5094,0.9916,0.188238,0.995368,selection_plume_rmse,134564.800362
69,276.16,2.205e-04,31.514,0.010672,0.003108,0.002687,0.003444,0.00072,0.000497,0.002417,0.034315,0.000678,0.000677,0.009757,0.002317,0.001988,0.002674,0.000571,0.000392,0.002116,0.035493,0.000538,0.000536,17753.3711,60.6759,-1.2e-05,1.228816,727003.0625,79841.5781,-0.012995,0.964101,0.000596,0.993775,0.202494,0.996419,16,2423.6689,7.4398,134502.5253,25282.3901,0.995449,0.202149,0.997351,selection_plume_rmse,134502.525349
70,262.95,2.184e-04,31.514,0.010404,0.002925,0.002533,0.003183,0.000696,0.000475,0.002319,0.0344,0.000694,0.000692,0.010508,0.002452,0.002111,0.002772,0.000598,0.00043,0.002135,0.039473,0.000538,0.000536,17754.4102,65.5468,-0.000129,1.32746,726978.6875,80139.8672,-0.012927,0.967703,0.000596,0.993952,0.20105,0.996511,16,2444.9081,8.2202,134600.3588,25294.6811,0.996847,0.208925,0.998069,selection_plume_rmse,134600.35878
71,275.14,2.163e-04,31.514,0.010025,0.002686,0.002328,0.002862,0.000677,0.000438,0.002207,0.034206,0.000688,0.000686,0.01083,0.001916,0.001636,0.002212,0.000546,0.000369,0.002431,0.043227,0.000538,0.000536,17752.7793,55.4948,5.4e-05,1.123886,727009.3125,80333.9297,-0.013013,0.970046,0.000596,0.994702,0.217166,0.996915,16,2419.3772,5.1692,134567.1042,25487.9962,0.997251,0.220933,0.998317,selection_plume_rmse,134567.104187
72,271.86,2.142e-04,31.514,0.010199,0.002746,0.002379,0.002932,0.000696,0.00045,0.002222,0.034875,0.000693,0.000692,0.009204,0.002119,0.001822,0.002373,0.000561,0.000369,0.001985,0.033996,0.000538,0.000536,17753.5312,60.5937,-3e-05,1.227151,726992.125,79885.3125,-0.012965,0.964629,0.000596,0.994518,0.211722,0.996808,16,2428.8477,5.5986,134476.8482,25460.8229,0.998027,0.226846,0.998727,selection_plume_rmse,134476.848213
73,266.43,2.120e-04,31.514,0.009777,0.002641,0.00229,0.002805,0.000667,0.000432,0.002123,0.033419,0.000684,0.000682,0.008989,0.002252,0.001951,0.00239,0.00058,0.000383,0.001835,0.032679,0.000538,0.000536,17754.2207,62.4559,-0.000108,1.264863,727001.75,79850.9766,-0.012992,0.964214,0.000596,0.994415,0.208,0.996749,16,2429.1541,7.0342,134442.3884,25267.1333,0.996812,0.208955,0.998061,selection_plume_rmse,134442.388397
74,279.88,2.099e-04,31.514,0.009945,0.002669,0.002314,0.00283,0.000669,0.000434,0.002197,0.033867,0.000688,0.000686,0.009081,0.002088,0.001807,0.002187,0.000587,0.000377,0.001943,0.033662,0.000538,0.000536,17752.9922,59.017,3e-05,1.195219,726981.375,79790.0938,-0.012935,0.963479,0.000596,0.994792,0.213743,0.996949,16,2427.2477,6.0408,134399.3089,25228.1735,0.997421,0.221208,0.998398,selection_plume_rmse,134399.308891
75,271.98,2.077e-04,31.514,0.010445,0.002932,0.002537,0.003205,0.000694,0.000476,0.002321,0.034617,0.000689,0.000687,0.009465,0.002305,0.002004,0.002366,0.000606,0.000394,0.002079,0.033874,0.000538,0.000536,17754.9941,61.9665,-0.000195,1.254951,727018.8125,79916.6875,-0.013039,0.965008,0.000596,0.994325,0.207005,0.996711,16,2427.0112,6.9296,134475.8997,25222.8023,0.995732,0.207469,0.99751,selection_plume_rmse,134475.899704
76,269.47,2.055e-04,31.514,0.010065,0.002735,0.002368,0.002944,0.000676,0.000446,0.002241,0.033929,0.000693,0.000691,0.009238,0.002193,0.0019,0.002293,0.000597,0.000387,0.001973,0.033812,0.000538,0.000536,17753.2578,59.9977,0.0,1.215079,726989.3125,79805.3438,-0.012957,0.963663,0.000596,0.994553,0.206353,0.996827,16,2424.6659,6.2208,134371.6627,25068.5265,0.99725,0.21858,0.99829,selection_plume_rmse,134371.662678
77,273.52,2.033e-04,31.514,0.009875,0.002666,0.002308,0.002872,0.000664,0.000435,0.002161,0.033657,0.000681,0.000679,0.009311,0.002117,0.001816,0.00242,0.000554,0.000375,0.002013,0.034541,0.000538,0.000536,17753.0762,58.4817,2.1e-05,1.184377,726999.375,79866.0391,-0.012985,0.964396,0.000596,0.994279,0.210804,0.996687,16,2424.8127,6.5156,134423.8215,25215.448,0.997025,0.217377,0.998174,selection_plume_rmse,134423.821545
78,278.5,2.011e-04,31.514,0.009845,0.002703,0.002342,0.002893,0.000667,0.000441,0.002156,0.033241,0.000698,0.000696,0.009729,0.002273,0.00197,0.002376,0.000608,0.000397,0.002194,0.035085,0.000538,0.000536,17753.2461,60.6242,2e-06,1.227768,726985.9375,79751.875,-0.012948,0.963018,0.000596,0.994426,0.205034,0.996754,16,2431.1183,6.8537,134361.6053,25074.6556,0.997635,0.219643,0.99849,selection_plume_rmse,134361.605347
79,271.83,1.989e-04,31.514,0.009821,0.002617,0.002268,0.002789,0.000659,0.000427,0.002125,0.03386,0.000692,0.00069,0.009406,0.002253,0.001958,0.002346,0.000569,0.000363,0.001986,0.034445,0.000538,0.000536,17753.7578,62.2632,-5.6e-05,1.260961,726986.125,79940.8594,-0.012948,0.9653,0.000596,0.994393,0.206476,0.996744,16,2430.3521,6.3729,134432.8199,25147.5699,0.997532,0.220798,0.99844,selection_plume_rmse,134432.819946
80,270.51,1.967e-04,31.514,0.009654,0.002608,0.00226,0.002793,0.000651,0.000423,0.002092,0.033028,0.000684,0.000682,0.009119,0.002636,0.002259,0.003117,0.0006,0.00047,0.001789,0.031296,0.000538,0.000536,17754.4062,63.7494,-0.000129,1.291059,726999.125,79776.3047,-0.012984,0.963313,0.000596,0.992586,0.200954,0.995807,16,2427.0579,7.4055,134306.3858,25100.0883,0.995143,0.201727,0.997191,selection_plume_rmse,134306.385796
81,272.17,1.945e-04,31.514,0.009664,0.002611,0.002263,0.002782,0.00066,0.000429,0.002097,0.033038,0.000687,0.000685,0.008793,0.00212,0.001828,0.002314,0.000575,0.000379,0.001815,0.032386,0.000538,0.000536,17753.6152,59.7651,-4e-05,1.210369,727002.8125,79793.9844,-0.012995,0.963526,0.000596,0.994636,0.211268,0.996868,16,2431.5111,7.3144,134387.1248,25117.2892,0.996631,0.212865,0.997961,selection_plume_rmse,134387.124825
82,275.04,1.922e-04,31.514,0.009497,0.002538,0.002203,0.002654,0.000655,0.000415,0.002054,0.032702,0.000687,0.000685,0.009279,0.002031,0.001754,0.002174,0.000565,0.000362,0.001931,0.035442,0.000538,0.000536,17752.7891,57.4299,5.3e-05,1.163076,726991.1875,79967.3125,-0.012962,0.965619,0.000596,0.994654,0.213688,0.996881,16,2419.3922,5.6739,134445.2931,25231.2119,0.99727,0.221615,0.998304,selection_plume_rmse,134445.293064
83,272.99,1.899e-04,31.514,0.010029,0.002838,0.002466,0.002998,0.000681,0.000452,0.002196,0.0333,0.0007,0.000698,0.009378,0.002318,0.001987,0.002696,0.000572,0.000402,0.001946,0.034097,0.000538,0.000536,17753.3359,59.7696,-9e-06,1.210461,727004.625,79839.2344,-0.013,0.964073,0.000596,0.993987,0.207421,0.996528,16,2426.1664,6.9036,134420.6682,25182.2384,0.995856,0.206494,0.997563,selection_plume_rmse,134420.668182
84,270.63,1.877e-04,31.514,0.009478,0.002564,0.002229,0.002657,0.000654,0.00041,0.002049,0.032434,0.000698,0.000696,0.009265,0.002047,0.001774,0.002134,0.00056,0.000348,0.001961,0.035047,0.000538,0.000536,17753.3516,58.727,-1e-05,1.189346,726990.5625,79901.6016,-0.012961,0.964826,0.000596,0.994798,0.213992,0.996954,16,2421.0335,5.389,134548.9608,25470.1675,0.997451,0.224303,0.998416,selection_plume_rmse,134548.960781
85,278.76,1.854e-04,31.514,0.009782,0.002582,0.002241,0.002707,0.000659,0.00042,0.002128,0.033811,0.000674,0.000672,0.008753,0.002263,0.001973,0.002271,0.000593,0.000375,0.001719,0.031802,0.000538,0.000536,17754.3027,61.5007,-0.000117,1.245518,726993.375,79922.3047,-0.012968,0.965076,0.000596,0.994472,0.207513,0.996783,16,2429.5578,7.5532,134283.4807,25082.5737,0.996186,0.207187,0.997731,selection_plume_rmse,134283.480652
86,270.95,1.831e-04,31.514,0.009641,0.002723,0.002362,0.002898,0.000673,0.000442,0.00206,0.032386,0.000702,0.0007,0.008823,0.002011,0.001728,0.00226,0.000528,0.000359,0.001945,0.032447,0.000538,0.000536,17753.5859,60.2904,-3.7e-05,1.221008,727001.625,79805.3906,-0.012991,0.963664,0.000596,0.994752,0.212078,0.996926,16,2421.7669,7.0114,134372.2858,25070.4491,0.996756,0.210471,0.998017,selection_plume_rmse,134372.285778
87,285.93,1.808e-04,31.514,0.009462,0.002553,0.002217,0.002667,0.000657,0.000417,0.002028,0.032537,0.000692,0.00069,0.008896,0.002352,0.002042,0.002446,0.000612,0.000407,0.001729,0.032098,0.000538,0.000536,17753.1074,60.7111,1.7e-05,1.229528,726969.8125,79639.3438,-0.012903,0.961659,0.000596,0.994147,0.212152,0.996608,16,2432.539,7.293,134357.9377,25115.8126,0.996472,0.214951,0.997893,selection_plume_rmse,134357.937668
88,276.26,1.785e-04,31.514,0.009579,0.002588,0.002246,0.002727,0.000653,0.000427,0.002072,0.032789,0.000699,0.000697,0.009036,0.001978,0.0017,0.002215,0.000525,0.000347,0.001902,0.034369,0.000538,0.000536,17753.4707,58.9211,-2.4e-05,1.193276,727003.375,79881.2812,-0.012996,0.96458,0.000596,0.994822,0.215626,0.996966,16,2416.299,5.2103,134496.9407,25338.1316,0.99704,0.218675,0.998204,selection_plume_rmse,134496.940701
89,271.69,1.762e-04,31.514,0.009313,0.002575,0.002238,0.002688,0.000644,0.000413,0.00199,0.031651,0.000695,0.000693,0.009347,0.002172,0.001888,0.002233,0.000563,0.000361,0.001914,0.035075,0.000538,0.000536,17754.8184,64.6345,-0.000175,1.308984,726995.3125,80061.5859,-0.012974,0.966758,0.000596,0.994903,0.207287,0.996999,16,2428.6164,6.829,134419.0188,25093.3849,0.997473,0.218476,0.998408,selection_plume_rmse,134419.018757
90,271.15,1.739e-04,31.514,0.009939,0.002858,0.002483,0.003034,0.000676,0.000455,0.002209,0.03248,0.00069,0.000688,0.011109,0.002237,0.00191,0.002685,0.000546,0.000398,0.00246,0.042749,0.000538,0.000536,17752.8438,57.8333,4.7e-05,1.171246,727002.25,80360.6719,-0.012993,0.970369,0.000596,0.993233,0.205753,0.996149,16,2425.7779,7.278,134575.7983,25431.5409,0.994491,0.200755,0.996867,selection_plume_rmse,134575.798309
91,266.45,1.716e-04,31.514,0.0099,0.002629,0.00228,0.002803,0.00064,0.000427,0.002197,0.033827,0.000678,0.000677,0.008935,0.002119,0.001836,0.002242,0.000549,0.00036,0.001888,0.032853,0.000538,0.000536,17754.0742,61.5959,-9.2e-05,1.247446,727001.625,79809.1875,-0.012991,0.96371,0.000596,0.99489,0.211245,0.996998,16,2426.7112,6.546,134428.1489,25166.3883,0.997308,0.216222,0.998308,selection_plume_rmse,134428.148933
92,275.24,1.692e-04,31.514,0.009429,0.002531,0.0022,0.002622,0.000649,0.000416,0.002041,0.03238,0.0007,0.000698,0.008681,0.001848,0.001601,0.001905,0.000531,0.000327,0.001926,0.032715,0.000538,0.000536,17753.1094,57.9659,1.7e-05,1.173932,726991.0625,79697.9375,-0.012962,0.962366,0.000596,0.99541,0.219143,0.997274,16,2420.1391,5.3451,134428.2262,25266.5227,0.997848,0.230988,0.998619,selection_plume_rmse,134428.22617
93,272.6,1.669e-04,31.514,0.009159,0.002456,0.00213,0.002586,0.000634,0.000406,0.001966,0.03158,0.000692,0.00069,0.008505,0.001977,0.001706,0.002136,0.000532,0.000346,0.001773,0.031703,0.000538,0.000536,17753.8027,60.0572,-6.1e-05,1.216284,726998.625,79831.1875,-0.012983,0.963975,0.000596,0.99496,0.212159,0.997032,16,2434.8978,6.6696,134593.6055,25328.5878,0.997177,0.219021,0.998252,selection_plume_rmse,134593.605537
94,269.33,1.646e-04,31.514,0.009303,0.002532,0.002198,0.002669,0.000632,0.00041,0.001985,0.031911,0.000685,0.000683,0.00897,0.002241,0.001944,0.002376,0.000556,0.000362,0.001823,0.032709,0.000538,0.000536,17753.7871,61.7408,-5.9e-05,1.250381,726994.375,79825.7266,-0.012971,0.963909,0.000596,0.994134,0.209601,0.996608,16,2419.5385,6.8233,134451.9493,25241.4177,0.996153,0.206106,0.99772,selection_plume_rmse,134451.949306
95,277.37,1.622e-04,31.514,0.009467,0.002536,0.002203,0.002661,0.000628,0.000409,0.002106,0.032171,0.000681,0.000679,0.008697,0.002034,0.001763,0.002127,0.000552,0.000354,0.001793,0.032466,0.000538,0.000536,17753.5645,59.2139,-3.4e-05,1.199206,726995.3125,79810.6797,-0.012974,0.963728,0.000596,0.994844,0.216539,0.996975,16,2422.1138,6.0778,134475.0797,25226.5375,0.996974,0.216659,0.998146,selection_plume_rmse,134475.079746
96,275.91,1.599e-04,31.514,0.009223,0.002456,0.002134,0.002549,0.000628,0.0004,0.001991,0.031841,0.000679,0.000678,0.009135,0.002376,0.002085,0.002279,0.000593,0.000372,0.001768,0.033273,0.000538,0.000536,17755.4219,64.7554,-0.000243,1.311433,726976.75,80190.8047,-0.012922,0.968318,0.000596,0.994461,0.207311,0.996772,16,2436.361,8.2291,134408.2832,25220.6357,0.996365,0.207132,0.997807,selection_plume_rmse,134408.283245
97,288.88,1.575e-04,31.514,0.009345,0.002561,0.002225,0.002673,0.000644,0.000417,0.001994,0.031931,0.000699,0.000697,0.008859,0.002068,0.001787,0.002218,0.000554,0.000367,0.001849,0.03295,0.000538,0.000536,17753.3398,59.1306,-9e-06,1.197518,726995.875,79867.8281,-0.012975,0.964418,0.000596,0.994695,0.211887,0.9969,16,2427.253,6.3262,134487.7355,25237.2086,0.997057,0.216188,0.998188,selection_plume_rmse,134487.735451
98,267.56,1.552e-04,31.514,0.009205,0.002484,0.002161,0.002543,0.00064,0.000404,0.001963,0.031724,0.000699,0.000697,0.008918,0.001967,0.001703,0.00205,0.000552,0.000352,0.00187,0.033875,0.000538,0.000536,17753.0078,58.0418,2.9e-05,1.175468,726992.125,79876.1016,-0.012965,0.964518,0.000596,0.994932,0.215559,0.997021,16,2421.4893,5.5559,134437.9471,25294.5695,0.997457,0.222707,0.998409,selection_plume_rmse,134437.947138
99,268.05,1.528e-04,31.514,0.009165,0.002503,0.002177,0.00258,0.000639,0.000412,0.001965,0.03131,0.000701,0.000699,0.008654,0.002312,0.002,0.002527,0.000559,0.000386,0.001711,0.030872,0.000538,0.000536,17754.2441,63.1448,-0.000111,1.278816,726992.875,79747.6406,-0.012967,0.962967,0.000596,0.994022,0.203141,0.996547,16,2436.5522,8.8171,134674.78,25290.7246,0.99365,0.194838,0.996423,selection_plume_rmse,134674.780014
100,280.97,1.505e-04,31.514,0.009205,0.002488,0.002163,0.002588,0.000623,0.000401,0.001974,0.031621,0.000683,0.000682,0.008653,0.002229,0.001942,0.002262,0.00057,0.000372,0.001676,0.031656,0.000538,0.000536,17755.5137,64.5911,-0.000254,1.308105,727009.9375,80169.9531,-0.013014,0.968066,0.000596,0.994686,0.210049,0.996884,16,2439.6789,8.653,134556.7214,25083.9347,0.99665,0.206072,0.997958,selection_plume_rmse,134556.721413
101,277.08,1.482e-04,31.514,0.009123,0.002453,0.002134,0.002517,0.000635,0.000398,0.001937,0.031556,0.000692,0.000691,0.009323,0.002215,0.001931,0.002232,0.000571,0.000371,0.001859,0.034991,0.000538,0.000536,17759.2422,66.8614,-0.000674,1.354085,727099.75,81157.25,-0.013265,0.979988,0.000596,0.994691,0.210556,0.996892,16,2437.9599,7.5283,134414.6308,25266.402,0.997079,0.212467,0.998188,selection_plume_rmse,134414.630772
102,272.12,1.458e-04,31.514,0.009005,0.002422,0.002108,0.002476,0.000626,0.000391,0.001909,0.031162,0.000698,0.000696,0.008339,0.00192,0.001669,0.001951,0.000527,0.000329,0.001714,0.031368,0.000538,0.000536,17754.1445,61.0552,-0.0001,1.236496,727003.125,79895.3125,-0.012996,0.96475,0.000596,0.995377,0.215805,0.997247,16,2428.2199,6.3406,134525.6966,25265.857,0.99717,0.21394,0.998255,selection_plume_rmse,134525.69659
103,273.72,1.435e-04,31.514,0.009059,0.002386,0.002076,0.002443,0.00062,0.000387,0.001952,0.03147,0.000688,0.000686,0.008607,0.002057,0.001791,0.002063,0.000552,0.000352,0.001774,0.031844,0.000538,0.000536,17758.5684,62.1439,-0.000598,1.258545,727101.0625,80641.7891,-0.013268,0.973764,0.000596,0.995125,0.210844,0.997117,16,2444.834,6.9005,134380.6143,25333.2712,0.9975,0.221565,0.998432,selection_plume_rmse,134380.614342
104,281.85,1.411e-04,31.514,0.009027,0.002476,0.002156,0.00253,0.000633,0.000406,0.001932,0.030797,0.000694,0.000692,0.008458,0.002214,0.001924,0.002303,0.000559,0.000365,0.001655,0.030593,0.000538,0.000536,17753.6699,61.8943,-4.6e-05,1.25349,726989.375,79766.875,-0.012957,0.963199,0.000596,0.994412,0.212529,0.996744,16,2422.6908,6.346,134359.5915,25174.9122,0.996412,0.211084,0.997863,selection_plume_rmse,134359.591469
105,267.39,1.388e-04,31.514,0.008935,0.002379,0.00207,0.002438,0.000616,0.000388,0.001919,0.030909,0.000679,0.000677,0.009189,0.002033,0.001776,0.001949,0.000579,0.00036,0.002187,0.033125,0.000538,0.000536,17754.7012,59.4381,-0.000162,1.203747,727025.75,80077.1875,-0.013059,0.966946,0.000596,0.995083,0.218313,0.997102,16,2422.0638,5.7594,134382.4248,25205.9858,0.997011,0.219625,0.998175,selection_plume_rmse,134382.424795
106,267.8,1.364e-04,31.514,0.008995,0.002374,0.002068,0.002405,0.00062,0.000389,0.001931,0.031266,0.000688,0.000686,0.008571,0.001743,0.001507,0.001836,0.000495,0.000312,0.001967,0.032404,0.000538,0.000536,17753.7305,58.1262,-5.3e-05,1.177178,727013.375,79908.6016,-0.013024,0.96491,0.000596,0.995649,0.218581,0.997394,16,2420.8573,5.7758,134465.5123,25291.781,0.99724,0.212922,0.998282,selection_plume_rmse,134465.512337
107,275.48,1.341e-04,31.514,0.009013,0.002421,0.002108,0.002458,0.000625,0.000391,0.00194,0.031014,0.000699,0.000697,0.008738,0.001818,0.001588,0.001734,0.000527,0.000312,0.002025,0.032636,0.000538,0.000536,17757.1465,59.4145,-0.000438,1.203268,727128.375,80303.8359,-0.013345,0.969683,0.000596,0.995839,0.220244,0.997492,16,2420.4583,5.6343,134373.9247,25086.4991,0.997972,0.225474,0.998673,selection_plume_rmse,134373.924683
108,269.14,1.318e-04,31.514,0.008805,0.002448,0.002135,0.002463,0.000624,0.000389,0.001835,0.030147,0.000692,0.000691,0.008578,0.002178,0.001889,0.002314,0.000535,0.000358,0.001684,0.031442,0.000538,0.000536,17753.5566,60.8085,-3.3e-05,1.231499,726991.75,79655.6719,-0.012964,0.961856,0.000596,0.994371,0.209937,0.996725,16,2423.9103,7.6465,134370.8243,25134.7435,0.994026,0.196178,0.996618,selection_plume_rmse,134370.824326
109,273.79,1.294e-04,31.514,0.008956,0.002396,0.002088,0.002416,0.000625,0.00039,0.001885,0.03117,0.000694,0.000692,0.00832,0.001889,0.001641,0.001925,0.000529,0.00033,0.001757,0.031159,0.000538,0.000536,17753.873,58.1548,-6.9e-05,1.177758,727013.875,79870.5312,-0.013026,0.96445,0.000596,0.995215,0.217768,0.997174,16,2424.1525,5.5015,134485.0001,25327.2783,0.997871,0.228199,0.998633,selection_plume_rmse,134485.00013
110,270.16,1.271e-04,31.514,0.009073,0.002451,0.002129,0.002552,0.000626,0.000405,0.001927,0.0313,0.000686,0.000685,0.008344,0.002015,0.001749,0.002082,0.000547,0.000346,0.001671,0.031055,0.000538,0.000536,17754.8652,60.6293,-0.000181,1.22787,727030.125,79983.4844,-0.013071,0.965814,0.000596,0.994978,0.20917,0.997045,16,2430.9487,6.8554,134427.2902,25233.3238,0.996927,0.21078,0.998118,selection_plume_rmse,134427.290203
111,268.8,1.248e-04,31.514,0.008851,0.002341,0.002033,0.002436,0.000609,0.000389,0.001895,0.030763,0.000678,0.000676,0.00967,0.00224,0.001939,0.002398,0.000576,0.000367,0.001902,0.036852,0.000538,0.000536,17753.2207,59.5499,4e-06,1.206011,726994.4375,80014.9766,-0.012971,0.966195,0.000596,0.994007,0.208669,0.996541,16,2418.4342,6.1692,134513.3603,25406.1986,0.99468,0.201712,0.996971,selection_plume_rmse,134513.360313
112,274.42,1.225e-04,31.514,0.008904,0.002415,0.002104,0.002448,0.000622,0.000392,0.001887,0.030674,0.000691,0.000689,0.008399,0.002072,0.001793,0.002224,0.00053,0.000353,0.001687,0.030939,0.000538,0.000536,17753.8066,60.49,-6.1e-05,1.225049,727008.0625,79843.875,-0.013009,0.964129,0.000596,0.994621,0.20806,0.996855,16,2425.2178,7.3202,134414.0745,25134.2453,0.995911,0.201745,0.997585,selection_plume_rmse,134414.074535
113,269.99,1.202e-04,31.514,0.008734,0.00238,0.002072,0.002426,0.000614,0.000388,0.00185,0.030024,0.000696,0.000694,0.008712,0.001773,0.001542,0.001756,0.000518,0.000314,0.00203,0.032726,0.000538,0.000536,17754.7598,58.2417,-0.000169,1.179517,727040.375,80071.9922,-0.013099,0.966883,0.000596,0.995767,0.221526,0.997456,16,2423.8686,6.1388,134379.4505,25204.7505,0.997269,0.216437,0.998301,selection_plume_rmse,134379.4505
114,269.78,1.179e-04,31.514,0.00895,0.002363,0.002058,0.002393,0.000619,0.000387,0.001909,0.031191,0.000698,0.000696,0.009012,0.001666,0.001439,0.001755,0.000491,0.000308,0.002046,0.035331,0.000538,0.000536,17753.498,56.6845,-2.7e-05,1.147981,727014.125,79994.1875,-0.013026,0.965944,0.000596,0.995763,0.222011,0.997459,16,2418.5511,5.2314,134495.9954,25469.6479,0.997199,0.219098,0.998289,selection_plume_rmse,134495.99538
115,278.45,1.156e-04,31.514,0.008495,0.002249,0.001959,0.00226,0.000603,0.00037,0.001759,0.029906,0.000683,0.000681,0.00871,0.00187,0.001633,0.001805,0.000537,0.00032,0.001966,0.032495,0.000538,0.000536,17753.4316,58.0521,-1.9e-05,1.175677,726996.375,79788.3359,-0.012977,0.963458,0.000596,0.99548,0.220767,0.997311,16,2422.3484,5.5075,134498.6052,25478.3052,0.997317,0.216473,0.998347,selection_plume_rmse,134498.605246
116,271.6,1.133e-04,31.514,0.00855,0.002298,0.002003,0.002299,0.000608,0.000373,0.001785,0.029787,0.000691,0.00069,0.0082,0.001877,0.001641,0.00179,0.000536,0.000323,0.001671,0.031008,0.000538,0.000536,17755.0938,59.6281,-0.000207,1.207595,727037.875,79984.5781,-0.013092,0.965828,0.000596,0.99555,0.220949,0.99734,16,2424.6187,5.8964,134422.0346,25314.2801,0.997484,0.215923,0.998419,selection_plume_rmse,134422.034626
117,267.74,1.111e-04,31.514,0.008817,0.002402,0.002096,0.002402,0.000623,0.000384,0.00189,0.030165,0.000703,0.000702,0.008298,0.001924,0.001669,0.002,0.000521,0.000336,0.001693,0.031208,0.000538,0.000536,17753.1484,58.8655,1.3e-05,1.192151,726987.5625,79764.0625,-0.012952,0.963165,0.000596,0.995234,0.218904,0.997173,16,2423.9737,6.2183,134470.0347,25384.0341,0.996699,0.206917,0.998005,selection_plume_rmse,134470.034687
118,279.17,1.088e-04,31.514,0.008947,0.002382,0.002074,0.002432,0.000611,0.00039,0.001955,0.030735,0.000687,0.000685,0.009236,0.002703,0.002362,0.002755,0.000617,0.000408,0.001675,0.032387,0.000538,0.000536,17755.7031,66.9997,-0.000275,1.356886,726969.4375,79805.1328,-0.012902,0.963661,0.000596,0.993494,0.198629,0.996269,16,2438.6498,8.997,134403.1411,25188.5889,0.995925,0.198916,0.997582,selection_plume_rmse,134403.14106
119,275.31,1.065e-04,31.514,0.008748,0.00233,0.00203,0.002357,0.0006,0.000374,0.001854,0.030435,0.000673,0.000671,0.00834,0.001785,0.001545,0.00186,0.000512,0.000325,0.001766,0.031926,0.000538,0.000536,17753.5801,57.8787,-3.6e-05,1.172166,727006.375,79886.8828,-0.013005,0.964648,0.000596,0.995451,0.2184,0.99729,16,2423.6867,5.8301,134444.2828,25386.7081,0.997345,0.211808,0.998338,selection_plume_rmse,134444.282806
120,270.97,1.043e-04,31.514,0.008654,0.002292,0.001999,0.00229,0.000599,0.000371,0.001828,0.030226,0.000678,0.000676,0.00839,0.002019,0.001764,0.001976,0.000538,0.000336,0.001637,0.031556,0.000538,0.000536,17757.9102,62.7335,-0.000524,1.270486,727107.0,80464.6484,-0.013285,0.971625,0.000596,0.995228,0.213123,0.99717,16,2438.0586,7.7486,134445.0076,25234.0904,0.996755,0.20794,0.998026,selection_plume_rmse,134445.007557
121,271.15,1.021e-04,31.514,0.008705,0.00232,0.002025,0.002315,0.0006,0.000371,0.001845,0.030269,0.000685,0.000683,0.008494,0.002241,0.001953,0.002288,0.000553,0.000365,0.001628,0.030833,0.000538,0.000536,17753.6562,63.0006,-4.4e-05,1.275895,726976.375,79837.6641,-0.012921,0.964054,0.000596,0.994401,0.209129,0.996738,16,2428.6862,7.2063,134400.8383,25177.3561,0.996455,0.204607,0.997869,selection_plume_rmse,134400.838322
122,265.17,9.986e-05,31.514,0.008519,0.002328,0.002029,0.002342,0.000604,0.000375,0.001787,0.029364,0.000697,0.000695,0.008425,0.001955,0.001705,0.001938,0.000528,0.000333,0.001713,0.031705,0.000538,0.000536,17755.0176,61.3677,-0.000198,1.242826,727017.4375,80069.8672,-0.013035,0.966857,0.000596,0.995313,0.21662,0.997214,16,2428.0334,6.1917,134429.6093,25185.624,0.997432,0.219154,0.998397,selection_plume_rmse,134429.609257
123,266.95,9.766e-05,31.514,0.008449,0.002269,0.00198,0.002246,0.000603,0.00037,0.001778,0.029345,0.000697,0.000696,0.008066,0.001895,0.001647,0.001926,0.000518,0.000327,0.001582,0.03059,0.000538,0.000536,17755.9023,59.342,-0.000298,1.201801,727069.9375,80121.7734,-0.013182,0.967484,0.000596,0.995311,0.219911,0.997214,16,2421.7021,6.3351,134420.237,25220.2135,0.996099,0.208614,0.997702,selection_plume_rmse,134420.237024
124,275.14,9.547e-05,31.514,0.008363,0.00219,0.001909,0.002186,0.000587,0.00036,0.001752,0.029474,0.000674,0.000672,0.008247,0.001991,0.001737,0.001982,0.000529,0.000336,0.001616,0.030927,0.000538,0.000536,17754.7852,61.1371,-0.000172,1.238156,727012.875,80108.8438,-0.013023,0.967328,0.000596,0.995175,0.214252,0.997143,16,2426.5338,7.4955,134301.1186,25103.7237,0.995799,0.203055,0.997526,selection_plume_rmse,134301.118557
125,275.01,9.329e-05,31.514,0.008287,0.002193,0.001915,0.002162,0.000589,0.000359,0.001728,0.029101,0.000683,0.000681,0.008557,0.001777,0.001544,0.001796,0.000502,0.000309,0.00193,0.032334,0.000538,0.000536,17753.7578,57.6564,-5.6e-05,1.167665,727009.125,79969.7812,-0.013012,0.965649,0.000596,0.995609,0.219164,0.997373,16,2418.979,5.762,134231.9138,25162.7401,0.997225,0.214495,0.99828,selection_plume_rmse,134231.913769
126,272.98,9.113e-05,31.514,0.008431,0.002193,0.00191,0.002209,0.000587,0.000363,0.00175,0.029916,0.000677,0.000676,0.008522,0.002058,0.001794,0.002076,0.000536,0.000344,0.001655,0.032064,0.000538,0.000536,17754.8301,62.6962,-0.000177,1.26973,726988.9375,80173.8203,-0.012956,0.968113,0.000596,0.995048,0.207947,0.997078,16,2428.1255,7.3233,134346.747,25180.4619,0.996725,0.20424,0.998,selection_plume_rmse,134346.746994
127,268.58,8.898e-05,31.514,0.008485,0.002261,0.00197,0.002271,0.000597,0.000368,0.001771,0.029694,0.000688,0.000687,0.008678,0.001774,0.001547,0.001727,0.000511,0.000302,0.002002,0.032684,0.000538,0.000536,17753.7578,58.7315,-5.6e-05,1.189438,727004.9375,79829.1406,-0.013001,0.963951,0.000596,0.99582,0.21957,0.997479,16,2422.3921,5.9726,134387.5557,25315.2357,0.997398,0.211824,0.998364,selection_plume_rmse,134387.555744
128,268.2,8.685e-05,31.514,0.008513,0.002273,0.001985,0.002243,0.000605,0.00037,0.001791,0.029654,0.000696,0.000694,0.009219,0.002878,0.002494,0.003201,0.000595,0.000443,0.001715,0.030833,0.000538,0.000536,17753.8027,66.1378,-6.1e-05,1.339431,726962.1875,79688.0312,-0.012881,0.962247,0.000596,0.992205,0.199228,0.995607,16,2430.7416,10.8872,134588.899,25201.0952,0.990465,0.184939,0.994787,selection_plume_rmse,134588.898987
129,267.95,8.473e-05,31.514,0.008722,0.002456,0.00214,0.002516,0.000612,0.000392,0.001782,0.029894,0.000701,0.000699,0.008185,0.002003,0.001744,0.002033,0.000525,0.000335,0.001622,0.0304,0.000538,0.000536,17754.0684,61.5978,-9.1e-05,1.247486,726993.4375,79981.3594,-0.012969,0.965789,0.000596,0.995024,0.214823,0.997063,16,2422.6375,6.874,134367.1276,25142.8381,0.995759,0.203095,0.997513,selection_plume_rmse,134367.127605
130,265.07,8.263e-05,31.514,0.008277,0.002253,0.001963,0.00227,0.000588,0.000367,0.001709,0.028771,0.000686,0.000684,0.008139,0.001826,0.001587,0.001852,0.000502,0.000313,0.001697,0.030775,0.000538,0.000536,17754.1582,59.2533,-0.000101,1.200004,727006.4375,79918.2891,-0.013005,0.965027,0.000596,0.995519,0.218357,0.997319,16,2420.6341,6.3381,134313.8521,25226.0177,0.996681,0.208159,0.997991,selection_plume_rmse,134313.852062
131,270.7,8.054e-05,31.514,0.008407,0.00221,0.001928,0.002197,0.000586,0.000361,0.001765,0.029549,0.000686,0.000684,0.008327,0.001771,0.001542,0.001754,0.000505,0.00031,0.001804,0.031684,0.000538,0.000536,17753.9746,58.539,-8e-05,1.185538,727011.0625,79906.2109,-0.013018,0.964881,0.000596,0.995697,0.213875,0.997417,16,2418.7748,5.7495,134312.0459,25187.0511,0.997147,0.212623,0.99824,selection_plume_rmse,134312.045918
132,264.14,7.848e-05,31.514,0.008333,0.002205,0.001924,0.00218,0.000595,0.000362,0.00176,0.029115,0.000692,0.00069,0.008014,0.00188,0.001634,0.001918,0.000511,0.000316,0.001609,0.030169,0.000538,0.000536,17753.4512,58.9688,-2.1e-05,1.194243,726993.75,79790.4297,-0.012969,0.963483,0.000596,0.995267,0.215269,0.997191,16,2418.2478,5.742,134392.8741,25185.9549,0.99712,0.213238,0.998223,selection_plume_rmse,134392.874096
133,270.97,7.643e-05,31.514,0.008355,0.002226,0.001942,0.002214,0.000589,0.00036,0.001734,0.029296,0.000691,0.00069,0.008311,0.001904,0.001664,0.001857,0.000515,0.000315,0.001685,0.031477,0.000538,0.000536,17757.4531,61.4437,-0.000472,1.244364,727106.5625,80414.6641,-0.013284,0.971021,0.000596,0.995473,0.219889,0.997297,16,2427.295,6.7494,134401.299,25257.286,0.996927,0.21002,0.998116,selection_plume_rmse,134401.29895
134,272.38,7.440e-05,31.514,0.008262,0.002136,0.001865,0.002098,0.00058,0.00035,0.001736,0.029266,0.00067,0.000669,0.008078,0.001739,0.001511,0.00176,0.000493,0.000305,0.001691,0.030986,0.000538,0.000536,17753.8965,58.2377,-7.2e-05,1.179436,727014.5625,79966.3828,-0.013027,0.965608,0.000596,0.99571,0.225192,0.997422,16,2419.5767,5.4841,134450.9885,25374.0014,0.997381,0.212758,0.998362,selection_plume_rmse,134450.988485
135,266.24,7.239e-05,31.514,0.008248,0.002146,0.001873,0.002108,0.000579,0.000349,0.00172,0.029217,0.000683,0.000681,0.00822,0.001844,0.00161,0.001808,0.000504,0.000307,0.001699,0.031176,0.000538,0.000536,17754.4102,59.4135,-0.00013,1.203249,727016.3125,79984.7266,-0.013032,0.965829,0.000596,0.995528,0.221225,0.997327,16,2416.9898,5.5182,134379.4519,25350.2815,0.996933,0.208453,0.998134,selection_plume_rmse,134379.451935
136,271.9,7.039e-05,31.514,0.008211,0.002189,0.001912,0.002138,0.000592,0.000357,0.001721,0.028669,0.000692,0.00069,0.008414,0.001805,0.001578,0.001724,0.000511,0.000304,0.0018,0.03206,0.000538,0.000536,17756.4707,60.814,-0.000361,1.231612,727051.75,80374.5312,-0.013131,0.970536,0.000596,0.995842,0.225072,0.997491,16,2421.038,5.5087,134385.52,25236.8966,0.997404,0.219761,0.998387,selection_plume_rmse,134385.520023
137,269.32,6.842e-05,31.514,0.008304,0.002239,0.001954,0.002222,0.000593,0.000366,0.001721,0.028955,0.000698,0.000696,0.008254,0.001836,0.001597,0.001844,0.000515,0.000322,0.001761,0.031048,0.000538,0.000536,17757.0391,59.2975,-0.000426,1.200899,727097.75,80305.25,-0.013259,0.9697,0.000596,0.99537,0.217569,0.997248,16,2418.2666,5.2273,134318.7705,25405.0636,0.997724,0.222886,0.998562,selection_plume_rmse,134318.77055
138,271.2,6.647e-05,31.514,0.008324,0.002227,0.001943,0.00221,0.000596,0.000365,0.001757,0.028932,0.00069,0.000689,0.008346,0.001762,0.001539,0.001686,0.000512,0.000303,0.001845,0.031593,0.000538,0.000536,17754.291,58.5779,-0.000116,1.186327,727016.8125,79957.9453,-0.013034,0.965506,0.000596,0.995804,0.220608,0.997475,16,2417.5389,5.2292,134311.3255,25247.4308,0.997862,0.221067,0.998624,selection_plume_rmse,134311.325504
139,275.83,6.454e-05,31.514,0.008111,0.002148,0.001874,0.002124,0.000579,0.000352,0.001684,0.028528,0.000677,0.000675,0.008138,0.001787,0.001551,0.001824,0.000498,0.000309,0.001679,0.031149,0.000538,0.000536,17752.6562,58.0419,6.8e-05,1.17547,726973.1875,79753.125,-0.012912,0.963033,0.000596,0.995425,0.220277,0.997272,16,2416.1868,5.3216,134413.8095,25383.9849,0.996989,0.208458,0.99816,selection_plume_rmse,134413.809452
140,275.32,6.263e-05,31.514,0.008154,0.002159,0.001884,0.002133,0.000581,0.000354,0.001681,0.028759,0.000681,0.000679,0.007937,0.001873,0.001634,0.001845,0.000511,0.000313,0.001581,0.029887,0.000538,0.000536,17756.6914,60.2765,-0.000386,1.220727,727096.625,80296.2578,-0.013256,0.969591,0.000596,0.995443,0.216441,0.997282,16,2418.1391,5.6745,134295.3747,25360.1397,0.997031,0.211291,0.998184,selection_plume_rmse,134295.37466
141,267.25,6.074e-05,31.514,0.008151,0.002142,0.001869,0.002113,0.000575,0.000351,0.001696,0.028754,0.000678,0.000676,0.009093,0.00173,0.001513,0.001632,0.000503,0.000296,0.002295,0.033794,0.000538,0.000536,17754.9961,59.5651,-0.000195,1.206319,727024.5,80149.6719,-0.013055,0.967821,0.000596,0.995958,0.228833,0.997553,16,2417.3991,5.2366,134314.8468,25287.8691,0.997724,0.217458,0.998543,selection_plume_rmse,134314.846781
142,281.81,5.887e-05,31.514,0.008161,0.00218,0.001904,0.002144,0.000588,0.000359,0.001703,0.028519,0.000695,0.000693,0.008852,0.001712,0.001494,0.001656,0.000499,0.000303,0.002182,0.03305,0.000538,0.000536,17755.9727,59.1468,-0.000305,1.197846,727053.8125,80239.8281,-0.013137,0.96891,0.000596,0.995971,0.227055,0.997561,16,2417.2769,4.9355,134374.4382,25368.1488,0.997932,0.222938,0.998665,selection_plume_rmse,134374.438236
143,276.03,5.703e-05,31.514,0.008018,0.002157,0.001884,0.002113,0.000586,0.000355,0.001662,0.027989,0.000697,0.000696,0.008462,0.00173,0.001513,0.001631,0.00051,0.000301,0.001948,0.031889,0.000538,0.000536,17754.9922,58.1462,-0.000195,1.177583,727037.1875,80066.4297,-0.01309,0.966816,0.000596,0.995918,0.223544,0.997535,16,2416.4336,5.2629,134346.2713,25346.6468,0.997438,0.213757,0.99839,selection_plume_rmse,134346.27128
144,276.28,5.521e-05,31.514,0.008154,0.002198,0.001919,0.002166,0.00059,0.000362,0.001684,0.02848,0.000699,0.000697,0.008058,0.001872,0.001634,0.001831,0.000511,0.000312,0.00161,0.030512,0.000538,0.000536,17754.6094,60.0329,-0.000152,1.215792,727016.0,80075.4297,-0.013031,0.966925,0.000596,0.995425,0.217154,0.997271,16,2418.6769,5.8144,134365.1654,25292.424,0.996638,0.208773,0.997977,selection_plume_rmse,134365.165411
145,267.39,5.341e-05,31.514,0.008197,0.002154,0.001881,0.002114,0.000581,0.000352,0.001738,0.028702,0.000692,0.00069,0.009071,0.001726,0.00151,0.001623,0.000502,0.000295,0.002361,0.033224,0.000538,0.000536,17755.1465,58.7559,-0.000212,1.18993,727029.875,80017.8828,-0.01307,0.96623,0.000596,0.995975,0.22394,0.997565,16,2416.4056,5.0414,134360.9819,25333.6878,0.998033,0.2228,0.998715,selection_plume_rmse,134360.981884
146,272.73,5.163e-05,31.514,0.008186,0.002187,0.00191,0.00215,0.000589,0.000359,0.001719,0.028534,0.000699,0.000697,0.008276,0.001698,0.001473,0.001733,0.000489,0.000303,0.00176,0.03212,0.000538,0.000536,17753.3926,56.8719,-1.5e-05,1.151775,727000.5625,79968.0,-0.012988,0.965627,0.000596,0.995732,0.220188,0.997436,16,2414.828,5.2772,134380.3536,25383.3736,0.99678,0.210833,0.99806,selection_plume_rmse,134380.353588
147,272.35,4.988e-05,31.514,0.008087,0.002134,0.001861,0.002111,0.000577,0.000352,0.001702,0.028346,0.00068,0.000679,0.00835,0.001696,0.001479,0.001652,0.000496,0.000297,0.0019,0.031689,0.000538,0.000536,17754.6777,58.0598,-0.00016,1.175834,727032.1875,80101.5469,-0.013076,0.96724,0.000596,0.995901,0.221528,0.997528,16,2416.1536,5.2327,134310.958,25288.9257,0.997411,0.219496,0.9984,selection_plume_rmse,134310.958008
148,276.35,4.816e-05,31.514,0.007965,0.002054,0.001793,0.002014,0.000563,0.000339,0.001649,0.028415,0.000666,0.000665,0.008723,0.001656,0.00144,0.001634,0.000489,0.000296,0.002154,0.032757,0.000538,0.000536,17754.0254,57.3929,-8.6e-05,1.162328,727020.5,79979.0547,-0.013044,0.965761,0.000596,0.995986,0.228857,0.997568,16,2416.8153,5.1143,134363.9183,25291.9801,0.997748,0.218966,0.998561,selection_plume_rmse,134363.918339
149,276.05,4.646e-05,31.514,0.007935,0.002092,0.001825,0.002065,0.000569,0.000347,0.001628,0.0281,0.00068,0.000678,0.008606,0.001661,0.001447,0.001617,0.000492,0.000297,0.002066,0.032521,0.000538,0.000536,17753.9727,57.9813,-8e-05,1.174243,727005.875,80012.2734,-0.013003,0.966162,0.000596,0.996085,0.226662,0.997622,16,2416.5344,5.1345,134336.7512,25265.2614,0.997689,0.220942,0.998537,selection_plume_rmse,134336.751156
150,268.94,4.479e-05,31.514,0.007941,0.002081,0.001816,0.002045,0.000568,0.000347,0.001635,0.028172,0.000676,0.000674,0.008392,0.00174,0.001516,0.001722,0.000493,0.000303,0.001896,0.031705,0.000538,0.000536,17756.4609,58.8235,-0.00036,1.191299,727093.1875,80254.8359,-0.013247,0.969091,0.000596,0.995802,0.224862,0.997474,16,2415.8259,5.1633,134372.7645,25300.0283,0.997402,0.216196,0.998381,selection_plume_rmse,134372.764521
151,273.81,4.314e-05,31.514,0.00807,0.002153,0.001881,0.002098,0.000588,0.000355,0.001684,0.028223,0.000703,0.000701,0.008745,0.001711,0.001498,0.001605,0.000505,0.0003,0.002128,0.032698,0.000538,0.000536,17757.4629,59.0374,-0.000474,1.195632,727129.8125,80435.2266,-0.013349,0.971269,0.000596,0.996067,0.223224,0.997612,16,2420.2172,5.3307,134332.8401,25339.3889,0.998064,0.224304,0.998729,selection_plume_rmse,134332.840065
152,274.26,4.152e-05,31.514,0.007846,0.002096,0.001832,0.002028,0.000577,0.000347,0.001603,0.027651,0.000684,0.000682,0.008492,0.001724,0.001508,0.001627,0.000501,0.000297,0.001987,0.031876,0.000538,0.000536,17756.9082,59.7902,-0.000411,1.210877,727092.1875,80243.0547,-0.013244,0.968949,0.000596,0.996017,0.222337,0.997585,16,2417.0464,5.0885,134319.8531,25314.1811,0.997995,0.222746,0.998695,selection_plume_rmse,134319.853119
153,270.11,3.993e-05,31.514,0.007929,0.002128,0.00186,0.002071,0.00058,0.00035,0.001624,0.027844,0.000688,0.000687,0.008032,0.001762,0.001539,0.001695,0.000501,0.000306,0.001693,0.030515,0.000538,0.000536,17758.1348,59.6053,-0.000549,1.207132,727133.375,80418.8438,-0.013359,0.971071,0.000596,0.995859,0.220836,0.997502,16,2415.5081,5.5797,134176.0841,25282.929,0.997206,0.214155,0.998279,selection_plume_rmse,134176.084084
154,270.24,3.836e-05,31.514,0.007798,0.002071,0.001809,0.002013,0.000571,0.000344,0.00162,0.027385,0.000684,0.000682,0.008719,0.001639,0.001429,0.001584,0.000486,0.00029,0.002166,0.03276,0.000538,0.000536,17756.041,58.2179,-0.000313,1.179036,727071.0625,80169.6797,-0.013185,0.968063,0.000596,0.996107,0.224763,0.997635,16,2419.7278,5.1702,134379.2566,25430.2913,0.998116,0.222293,0.998756,selection_plume_rmse,134379.256565
155,271.22,3.682e-05,31.514,0.007958,0.002111,0.001842,0.002087,0.000568,0.000348,0.001658,0.02793,0.000683,0.000682,0.008807,0.001639,0.00143,0.001566,0.000491,0.000289,0.002218,0.032998,0.000538,0.000536,17755.2715,58.3811,-0.000226,1.182341,727055.0625,80164.0625,-0.01314,0.967995,0.000596,0.996177,0.224086,0.99767,16,2418.8174,5.1119,134353.9535,25341.393,0.998254,0.225161,0.998828,selection_plume_rmse,134353.953531
156,262.5,3.531e-05,31.514,0.007776,0.002069,0.001807,0.002023,0.000571,0.000345,0.00159,0.027444,0.000677,0.000676,0.008362,0.001702,0.001483,0.001664,0.000493,0.000297,0.001908,0.031684,0.000538,0.000536,17755.6074,58.0904,-0.000264,1.176453,727053.125,80132.2188,-0.013135,0.96761,0.000596,0.99591,0.224757,0.997532,16,2414.3634,4.9219,134319.7441,25374.511,0.997891,0.223473,0.998643,selection_plume_rmse,134319.744143
157,270.92,3.383e-05,31.514,0.007922,0.002103,0.001835,0.002061,0.000577,0.000349,0.001654,0.027766,0.000689,0.000688,0.00834,0.001712,0.001493,0.001666,0.000495,0.0003,0.001898,0.031532,0.000538,0.000536,17756.4355,58.3963,-0.000358,1.182649,727089.0625,80232.4062,-0.013235,0.96882,0.000596,0.99591,0.226886,0.997528,16,2415.3245,5.0608,134271.4443,25335.726,0.998003,0.223179,0.998699,selection_plume_rmse,134271.444286
158,272.1,3.237e-05,31.514,0.00787,0.002099,0.001832,0.002059,0.000572,0.000347,0.001641,0.027538,0.000689,0.000687,0.008103,0.001768,0.001542,0.00173,0.000501,0.000309,0.001719,0.030774,0.000538,0.000536,17758.0098,60.0846,-0.000535,1.216839,727126.1875,80471.1719,-0.013338,0.971703,0.000596,0.995824,0.219594,0.997484,16,2417.5217,5.4391,134225.9809,25279.9705,0.997492,0.220208,0.998435,selection_plume_rmse,134225.980886
159,275.69,3.095e-05,31.514,0.007916,0.002084,0.00182,0.002036,0.000571,0.000345,0.001676,0.027706,0.000687,0.000685,0.008826,0.001689,0.001472,0.001636,0.000496,0.000302,0.002201,0.032907,0.000538,0.000536,17757.0996,58.8367,-0.000433,1.191568,727104.6875,80375.2031,-0.013279,0.970545,0.000596,0.996004,0.226205,0.99758,16,2416.2147,4.9682,134351.9584,25364.2472,0.998156,0.224001,0.998774,selection_plume_rmse,134351.958429
160,273.94,2.955e-05,31.514,0.007977,0.002172,0.001897,0.002137,0.000584,0.000357,0.001664,0.027606,0.0007,0.000698,0.008125,0.001661,0.00145,0.001588,0.000491,0.000291,0.001798,0.031103,0.000538,0.000536,17755.4727,58.3081,-0.000249,1.180861,727053.6875,80115.5703,-0.013136,0.967409,0.000596,0.9961,0.226503,0.997629,16,2415.2065,4.9558,134322.0922,25333.7531,0.998045,0.223031,0.998714,selection_plume_rmse,134322.092232
161,274.84,2.819e-05,31.514,0.007866,0.002083,0.00182,0.002032,0.00057,0.000344,0.001647,0.027577,0.000689,0.000688,0.008373,0.001631,0.001419,0.001607,0.000484,0.000292,0.001913,0.032191,0.000538,0.000536,17756.0293,57.236,-0.000312,1.159149,727083.25,80189.8203,-0.013219,0.968306,0.000596,0.996061,0.228334,0.997611,16,2413.6602,4.7463,134322.1271,25412.2099,0.998207,0.226079,0.998806,selection_plume_rmse,134322.127079
162,274.59,2.685e-05,31.514,0.007792,0.002056,0.001796,0.002004,0.000566,0.000342,0.001619,0.027442,0.000676,0.000674,0.008423,0.001621,0.001412,0.001575,0.000484,0.00029,0.001979,0.032153,0.000538,0.000536,17756.4727,57.9469,-0.000362,1.173547,727089.9375,80249.125,-0.013237,0.969022,0.000596,0.996155,0.22781,0.99766,16,2414.0295,4.9603,134251.9387,25340.7172,0.998111,0.223087,0.998751,selection_plume_rmse,134251.938713
163,270.58,2.555e-05,31.514,0.007932,0.002092,0.001827,0.002044,0.000573,0.000346,0.001647,0.027958,0.000692,0.000691,0.008158,0.001719,0.001495,0.00171,0.000492,0.000308,0.001787,0.031021,0.000538,0.000536,17759.1855,58.9939,-0.000667,1.194751,727190.1875,80493.1641,-0.013517,0.971969,0.000596,0.995807,0.226585,0.997475,16,2412.4742,5.337,134094.3862,25344.0259,0.997414,0.216985,0.998391,selection_plume_rmse,134094.38625
164,273.7,2.427e-05,31.514,0.007857,0.002102,0.001837,0.002037,0.000579,0.000348,0.001642,0.027419,0.000693,0.000691,0.008463,0.001732,0.00151,0.001683,0.000499,0.000305,0.001964,0.031785,0.000538,0.000536,17755.4746,58.355,-0.000249,1.181811,727043.0625,80102.9766,-0.013107,0.967257,0.000596,0.995866,0.225735,0.997505,16,2413.5562,5.1705,134207.2542,25315.9075,0.997662,0.220124,0.998524,selection_plume_rmse,134207.254156
165,271.18,2.303e-05,31.514,0.007764,0.002079,0.001817,0.002011,0.000575,0.000346,0.001583,0.027349,0.000689,0.000688,0.008492,0.001646,0.001435,0.001596,0.000486,0.000292,0.002032,0.032091,0.000538,0.000536,17756.5039,58.3287,-0.000365,1.18128,727092.4375,80279.9609,-0.013245,0.969394,0.000596,0.996166,0.229621,0.997661,16,2413.8827,4.939,134289.6774,25336.9842,0.997778,0.221606,0.998587,selection_plume_rmse,134289.67742
166,282.13,2.182e-05,31.514,0.007721,0.002071,0.001809,0.002012,0.000571,0.000344,0.001592,0.027051,0.000688,0.000687,0.008311,0.001695,0.00148,0.001632,0.000493,0.000298,0.001895,0.031471,0.000538,0.000536,17758.1113,59.9502,-0.000547,1.214118,727127.0625,80427.0469,-0.013341,0.971171,0.000596,0.996094,0.222913,0.997624,16,2415.3443,5.1268,134219.2212,25326.9101,0.997907,0.222106,0.998651,selection_plume_rmse,134219.22123
167,269.23,2.064e-05,31.514,0.007828,0.002053,0.001795,0.001978,0.000572,0.000343,0.001635,0.027599,0.000685,0.000683,0.008937,0.00168,0.001468,0.001588,0.000495,0.000295,0.002301,0.033045,0.000538,0.000536,17758.123,59.5354,-0.000548,1.205718,727129.0625,80444.3359,-0.013347,0.971379,0.000596,0.996203,0.224781,0.997681,16,2414.9944,5.1864,134176.684,25261.6513,0.99807,0.222442,0.998728,selection_plume_rmse,134176.683998
168,271.25,1.949e-05,31.514,0.007959,0.002075,0.001811,0.002038,0.000569,0.000347,0.001719,0.027769,0.000685,0.000683,0.008636,0.001691,0.001474,0.001649,0.000495,0.000302,0.002077,0.032456,0.000538,0.000536,17755.9883,58.0723,-0.000307,1.176086,727080.0,80267.4688,-0.01321,0.969244,0.000596,0.995973,0.223468,0.997562,16,2413.5735,5.0045,134234.1901,25325.8032,0.997911,0.223538,0.998654,selection_plume_rmse,134234.190092
169,277.75,1.838e-05,31.514,0.007662,0.002041,0.001782,0.001992,0.000564,0.000343,0.001593,0.02685,0.000673,0.000671,0.008627,0.001605,0.001398,0.001562,0.000479,0.000288,0.002133,0.032593,0.000538,0.000536,17756.3438,57.5259,-0.000347,1.16502,727091.875,80250.7891,-0.013243,0.969042,0.000596,0.996168,0.228347,0.997666,16,2413.2248,4.7836,134303.9849,25383.5521,0.998276,0.224722,0.998839,selection_plume_rmse,134303.984863
170,275.09,1.729e-05,31.514,0.00773,0.002085,0.001821,0.002032,0.000572,0.000347,0.001583,0.027081,0.000694,0.000692,0.008596,0.00166,0.001449,0.001594,0.000489,0.000296,0.002104,0.03221,0.000538,0.000536,17757.959,58.6804,-0.000529,1.188401,727136.6875,80418.0391,-0.013368,0.971062,0.000596,0.996157,0.224094,0.997658,16,2413.6066,4.9901,134215.1868,25334.814,0.998147,0.222164,0.998769,selection_plume_rmse,134215.186781
171,281.49,1.624e-05,31.514,0.007704,0.002055,0.001795,0.001995,0.000569,0.000342,0.001617,0.026882,0.00069,0.000689,0.008365,0.001674,0.00146,0.00161,0.000493,0.000297,0.001935,0.031711,0.000538,0.000536,17757.8613,58.6365,-0.000518,1.187512,727135.9375,80408.5391,-0.013366,0.970947,0.000596,0.996074,0.228435,0.997615,16,2413.5629,4.9627,134255.7348,25321.3383,0.997937,0.223321,0.998666,selection_plume_rmse,134255.734818
172,268.55,1.523e-05,31.514,0.00776,0.002098,0.001833,0.002038,0.000574,0.000349,0.001619,0.026958,0.000695,0.000693,0.00864,0.001655,0.001443,0.001598,0.000491,0.000296,0.002122,0.032419,0.000538,0.000536,17756.1816,57.8824,-0.000329,1.172241,727084.6875,80235.0781,-0.013223,0.968852,0.000596,0.996105,0.227341,0.99763,16,2413.3415,4.9399,134260.4369,25330.2629,0.997929,0.223303,0.998662,selection_plume_rmse,134260.436857
173,277.24,1.425e-05,31.514,0.007708,0.002076,0.001815,0.002008,0.000576,0.000345,0.001616,0.026766,0.000698,0.000697,0.008598,0.001653,0.001442,0.001591,0.000489,0.000293,0.002119,0.032174,0.000538,0.000536,17757.7676,58.5457,-0.000508,1.185673,727135.9375,80332.9844,-0.013366,0.970035,0.000596,0.996159,0.223917,0.99766,16,2413.343,4.8913,134267.4797,25319.8821,0.99803,0.223541,0.998713,selection_plume_rmse,134267.479748
174,274.0,1.330e-05,31.514,0.007745,0.002098,0.001833,0.002043,0.000575,0.000347,0.001642,0.026699,0.000692,0.000691,0.008235,0.001645,0.001432,0.001613,0.000485,0.000293,0.001856,0.031565,0.000538,0.000536,17754.4102,57.4836,-0.00013,1.164163,727027.8125,80029.5938,-0.013064,0.966371,0.000596,0.99605,0.222251,0.997604,16,2413.3781,4.9466,134312.9191,25309.8699,0.997431,0.220652,0.99841,selection_plume_rmse,134312.919062
175,278.78,1.238e-05,31.514,0.007673,0.002015,0.00176,0.001952,0.000564,0.000338,0.00158,0.027189,0.000674,0.000673,0.008265,0.001708,0.001491,0.001646,0.000495,0.000301,0.001868,0.031255,0.000538,0.000536,17756.791,59.108,-0.000398,1.197062,727081.0,80294.2656,-0.013213,0.969567,0.000596,0.996004,0.226124,0.997576,16,2413.5257,5.1629,134203.3027,25296.7625,0.997577,0.218331,0.998475,selection_plume_rmse,134203.302725
176,271.28,1.150e-05,31.514,0.007612,0.002059,0.001798,0.002009,0.000567,0.000344,0.00157,0.026549,0.000688,0.000686,0.008028,0.001719,0.001496,0.001704,0.000492,0.000306,0.001717,0.030614,0.000538,0.000536,17756.5977,58.8455,-0.000376,1.191746,727075.375,80215.4531,-0.013197,0.968615,0.000596,0.99587,0.226282,0.997506,16,2412.4223,5.0722,134207.7556,25292.0588,0.997457,0.219467,0.998417,selection_plume_rmse,134207.755613
177,271.07,1.065e-05,31.514,0.007566,0.002013,0.001759,0.00195,0.000561,0.000336,0.001565,0.026585,0.000676,0.000674,0.008456,0.001679,0.001463,0.001643,0.00049,0.000301,0.001998,0.031865,0.000538,0.000536,17756.5781,58.4654,-0.000374,1.184048,727083.5,80245.3125,-0.013219,0.968976,0.000596,0.996019,0.227798,0.997584,16,2413.5863,5.0218,134239.5976,25316.63,0.997749,0.221503,0.998567,selection_plume_rmse,134239.59762
178,262.64,9.838e-06,31.514,0.007605,0.00204,0.001781,0.002,0.000561,0.000342,0.001551,0.026755,0.000683,0.000681,0.008481,0.001671,0.001457,0.00162,0.00049,0.000298,0.002028,0.031879,0.000538,0.000536,17758.0762,58.6911,-0.000542,1.188619,727128.375,80408.3125,-0.013345,0.970944,0.000596,0.996083,0.227244,0.997619,16,2413.7078,5.0389,134218.0373,25317.7753,0.997886,0.222479,0.998638,selection_plume_rmse,134218.037268
179,273.57,9.060e-06,31.514,0.007629,0.00208,0.001816,0.002033,0.000569,0.000347,0.001568,0.026545,0.000689,0.000687,0.008534,0.001631,0.001422,0.001569,0.000488,0.000293,0.002077,0.032172,0.000538,0.000536,17756.209,57.9133,-0.000332,1.172866,727075.875,80216.0625,-0.013198,0.968623,0.000596,0.996181,0.22772,0.997672,16,2414.0564,4.9334,134260.771,25325.8685,0.9979,0.224711,0.998649,selection_plume_rmse,134260.771027
180,269.3,8.317e-06,31.514,0.007719,0.002046,0.001787,0.001996,0.000568,0.000342,0.001623,0.027002,0.000688,0.000686,0.008443,0.001667,0.001454,0.001614,0.000492,0.0003,0.001998,0.031849,0.000538,0.000536,17757.9434,58.4906,-0.000528,1.184558,727126.8125,80370.6953,-0.01334,0.97049,0.000596,0.996072,0.226351,0.997613,16,2413.5819,5.0523,134212.8748,25314.2899,0.99782,0.222896,0.998607,selection_plume_rmse,134212.874804
181,266.01,7.609e-06,31.514,0.007676,0.002064,0.001802,0.002004,0.000573,0.000345,0.001613,0.026665,0.000694,0.000692,0.008177,0.001701,0.001483,0.00166,0.000493,0.000303,0.001829,0.03098,0.000538,0.000536,17757.8047,58.7242,-0.000512,1.189289,727129.4375,80381.8516,-0.013347,0.970625,0.000596,0.995989,0.225075,0.99757,16,2413.7137,5.0665,134224.8168,25321.0043,0.997623,0.221873,0.998507,selection_plume_rmse,134224.81682
182,286.13,6.936e-06,31.514,0.00761,0.002083,0.00182,0.002021,0.000574,0.000347,0.001566,0.026407,0.000694,0.000692,0.008549,0.001672,0.001459,0.001607,0.000493,0.000299,0.002071,0.032041,0.000538,0.000536,17757.9609,58.8226,-0.00053,1.191281,727126.375,80399.3203,-0.013339,0.970836,0.000596,0.996111,0.227157,0.997634,16,2413.5973,5.0688,134182.4106,25335.0613,0.997914,0.223403,0.998653,selection_plume_rmse,134182.410641
183,263.77,6.299e-06,31.514,0.007553,0.002047,0.001789,0.001975,0.000571,0.000342,0.001574,0.026211,0.000689,0.000688,0.008599,0.001665,0.001451,0.001622,0.000489,0.000299,0.002106,0.032184,0.000538,0.000536,17756.9668,58.4566,-0.000418,1.183869,727086.9375,80239.3281,-0.013229,0.968904,0.000596,0.996083,0.226154,0.997619,16,2413.3255,4.952,134248.4045,25333.7662,0.99791,0.223688,0.998652,selection_plume_rmse,134248.404537
184,268.97,5.697e-06,31.514,0.007642,0.002031,0.001773,0.001986,0.00056,0.000341,0.001583,0.026853,0.000678,0.000677,0.00847,0.001664,0.00145,0.00162,0.00049,0.0003,0.002034,0.031806,0.000538,0.000536,17756.5312,58.5861,-0.000368,1.186491,727080.0625,80259.0,-0.01321,0.969141,0.000596,0.996089,0.228837,0.997622,16,2413.2427,4.9317,134242.1104,25338.6139,0.997938,0.22409,0.998667,selection_plume_rmse,134242.110413
185,264.69,5.131e-06,31.514,0.007544,0.002024,0.001767,0.00197,0.000564,0.000341,0.001582,0.026254,0.00068,0.000679,0.008536,0.001674,0.001458,0.001635,0.00049,0.000302,0.00207,0.031948,0.000538,0.000536,17756.6855,58.8201,-0.000386,1.191232,727080.875,80266.0625,-0.013212,0.969227,0.000596,0.996074,0.226576,0.997614,16,2413.7695,4.9801,134240.9168,25322.4022,0.99792,0.224064,0.998658,selection_plume_rmse,134240.916813
186,284.8,4.600e-06,31.514,0.007569,0.002021,0.001764,0.001968,0.000562,0.00034,0.001556,0.026618,0.000682,0.00068,0.00864,0.001641,0.00143,0.001594,0.000487,0.000296,0.002147,0.032343,0.000538,0.000536,17756.8125,58.2217,-0.0004,1.179112,727082.5,80252.3594,-0.013217,0.969061,0.000596,0.996135,0.229929,0.997647,16,2412.8652,4.8666,134257.8422,25359.3822,0.998007,0.225776,0.998704,selection_plume_rmse,134257.842186
187,269.04,4.106e-06,31.514,0.007731,0.002049,0.001789,0.001994,0.00057,0.000345,0.001665,0.026781,0.000684,0.000683,0.008429,0.001658,0.001445,0.001617,0.000488,0.000299,0.002011,0.03173,0.000538,0.000536,17756.6719,58.6205,-0.000384,1.187189,727077.8125,80246.1172,-0.013204,0.968986,0.000596,0.996105,0.22743,0.997631,16,2413.969,4.9294,134274.1944,25326.7381,0.997924,0.224273,0.99866,selection_plume_rmse,134274.194445
188,280.45,3.648e-06,31.514,0.007668,0.002044,0.001785,0.001982,0.000569,0.000343,0.001592,0.026881,0.000689,0.000688,0.008434,0.00168,0.001463,0.001652,0.00049,0.000304,0.002007,0.031642,0.000538,0.000536,17756.8145,58.8769,-0.0004,1.192382,727075.875,80241.6016,-0.013198,0.968931,0.000596,0.996028,0.225459,0.997591,16,2413.4471,4.9489,134239.7412,25328.1233,0.99792,0.224061,0.998657,selection_plume_rmse,134239.741163
189,272.77,3.226e-06,31.514,0.007621,0.002055,0.001794,0.001998,0.00057,0.000346,0.001606,0.026398,0.000684,0.000682,0.00841,0.001696,0.001477,0.001667,0.000493,0.000307,0.001984,0.031528,0.000538,0.000536,17757.0469,58.8802,-0.000427,1.192449,727074.875,80221.375,-0.013195,0.968687,0.000596,0.995969,0.222554,0.997561,16,2413.3156,4.9902,134225.4714,25321.3761,0.9979,0.22368,0.998646,selection_plume_rmse,134225.471445
190,275.62,2.841e-06,31.514,0.007557,0.002071,0.001807,0.002034,0.000568,0.000346,0.001548,0.026254,0.000694,0.000692,0.008447,0.001666,0.00145,0.001643,0.000489,0.000304,0.00202,0.031742,0.000538,0.000536,17756.5938,58.4303,-0.000375,1.183336,727076.75,80219.1172,-0.013201,0.96866,0.000596,0.996024,0.227977,0.997589,16,2413.4954,4.9269,134256.1971,25346.1637,0.997959,0.224539,0.998677,selection_plume_rmse,134256.197092
191,280.34,2.491e-06,31.514,0.007619,0.002073,0.00181,0.002031,0.00057,0.000349,0.00159,0.026374,0.000693,0.000691,0.008488,0.001655,0.00144,0.001633,0.000487,0.000303,0.002047,0.031902,0.000538,0.000536,17756.5723,58.2742,-0.000373,1.180174,727077.6875,80217.3516,-0.013203,0.968638,0.000596,0.996035,0.22865,0.997595,16,2413.3383,4.9044,134255.4296,25349.4393,0.998001,0.224673,0.998699,selection_plume_rmse,134255.429604
192,267.62,2.179e-06,31.514,0.007602,0.002059,0.001798,0.002009,0.00057,0.000347,0.001583,0.026394,0.000693,0.000691,0.008452,0.001685,0.001468,0.00165,0.000492,0.000305,0.002013,0.031684,0.000538,0.000536,17757.957,59.0367,-0.000529,1.195617,727122.0625,80429.7344,-0.013327,0.971203,0.000596,0.996004,0.226971,0.997578,16,2413.559,4.9892,134224.5896,25320.723,0.997975,0.224128,0.998684,selection_plume_rmse,134224.589609
193,277.31,1.903e-06,31.514,0.007554,0.002015,0.001759,0.001964,0.000562,0.000341,0.001544,0.026632,0.000676,0.000675,0.008468,0.00167,0.001454,0.00164,0.000489,0.000304,0.002032,0.031773,0.000538,0.000536,17757.791,58.704,-0.00051,1.188879,727124.0,80393.6875,-0.013332,0.970768,0.000596,0.996017,0.226824,0.997587,16,2413.1857,4.9372,134231.7913,25333.7276,0.99799,0.224546,0.998693,selection_plume_rmse,134231.791294
194,276.89,1.663e-06,31.514,0.007544,0.002038,0.001779,0.001984,0.000569,0.000343,0.00155,0.026377,0.000689,0.000687,0.008531,0.001671,0.001455,0.001642,0.000489,0.000304,0.002071,0.031926,0.000538,0.000536,17757.8281,58.7603,-0.000515,1.19002,727124.75,80369.8281,-0.013334,0.97048,0.000596,0.996026,0.228554,0.99759,16,2413.4009,4.9369,134238.1639,25333.3551,0.99802,0.224493,0.998708,selection_plume_rmse,134238.163904
195,268.52,1.461e-06,31.514,0.007535,0.002061,0.001798,0.002023,0.000569,0.000347,0.001537,0.026246,0.000694,0.000692,0.008504,0.001662,0.001446,0.001638,0.000488,0.000303,0.002057,0.031899,0.000538,0.000536,17757.7754,58.5678,-0.000509,1.186122,727124.5625,80379.6641,-0.013334,0.970598,0.000596,0.996024,0.228594,0.997589,16,2413.0212,4.9247,134226.063,25341.8853,0.998016,0.224755,0.998707,selection_plume_rmse,134226.063046
196,268.13,1.295e-06,31.514,0.007547,0.002074,0.00181,0.00203,0.000572,0.000349,0.001568,0.026031,0.000698,0.000697,0.00855,0.001667,0.001451,0.001638,0.000489,0.000304,0.002088,0.031972,0.000538,0.000536,17757.8262,58.7325,-0.000514,1.189456,727123.0625,80378.0078,-0.01333,0.970578,0.000596,0.996032,0.226744,0.997594,16,2413.503,4.9391,134237.8161,25337.767,0.998031,0.22468,0.998714,selection_plume_rmse,134237.816059
197,271.38,1.166e-06,31.514,0.007545,0.002053,0.001791,0.00201,0.000567,0.000345,0.001564,0.026188,0.000691,0.000689,0.008574,0.001671,0.001455,0.001639,0.00049,0.000305,0.002101,0.032019,0.000538,0.000536,17757.9727,58.7563,-0.000531,1.189939,727123.375,80390.8594,-0.013331,0.970734,0.000596,0.996037,0.226802,0.997597,16,2413.5234,4.9549,134231.0748,25336.5939,0.998035,0.224637,0.998715,selection_plume_rmse,134231.074818
198,268.08,1.074e-06,31.514,0.007582,0.002034,0.001777,0.001974,0.000567,0.000343,0.001578,0.026462,0.000684,0.000682,0.008594,0.001671,0.001455,0.00164,0.00049,0.000305,0.002115,0.032055,0.000538,0.000536,17757.9531,58.7137,-0.000529,1.189076,727124.375,80379.2266,-0.013333,0.970593,0.000596,0.996032,0.226713,0.997594,16,2413.6319,4.9455,134241.2781,25339.9272,0.998042,0.224626,0.998718,selection_plume_rmse,134241.278101
199,282.02,1.018e-06,31.514,0.007582,0.002039,0.001779,0.001988,0.000569,0.000343,0.00158,0.026421,0.000691,0.00069,0.008523,0.001677,0.00146,0.001652,0.00049,0.000306,0.002065,0.031878,0.000538,0.000536,17757.8379,58.6886,-0.000516,1.188568,727120.4375,80366.4453,-0.013322,0.970439,0.000596,0.995999,0.226376,0.997578,16,2413.2711,4.9454,134231.1748,25337.4194,0.998013,0.22435,0.998703,selection_plume_rmse,134231.174847
200,269.33,1.000e-06,31.514,0.007503,0.002024,0.001768,0.001963,0.000567,0.000341,0.001546,0.026218,0.000686,0.000684,0.00851,0.001678,0.001461,0.001656,0.00049,0.000307,0.002056,0.031836,0.000538,0.000536,17757.752,58.7125,-0.000506,1.189051,727121.875,80365.8672,-0.013326,0.970432,0.000596,0.995991,0.226303,0.997573,16,2413.4174,4.9514,134233.9999,25334.8171,0.998004,0.22414,0.998699,selection_plume_rmse,134233.999866
